0.000000000000000000e+00;0.000000000000000000e+00;0.000000000000000000e+00;0.000000000000000000e+00;0.000000000000000000e+00;0.000000000000000000e+00
-1.467232893406225092e+00;-1.176638910322187037e+00;-1.639350557783064710e+00;-1.179431125563930483e+00;-1.178454394427722818e+00;-1.204707319320465819e+00
-1.580608398921110158e+00;-1.149057790827006542e+00;-1.156211277111808045e+00;-1.158677483678070885e+00;-1.201524752985808853e+00;-1.313921910056544906e+00
-4.729351058739668545e+00;-1.423137724199883714e+00;-2.039735353359751091e+00;-1.400268319543217288e+00;-1.401021348532714095e+00;-1.422542966582262869e+00
-2.039516307744586143e+00;-1.577685287568346695e+00;-1.747179226775783745e+00;-1.578402122351392878e+00;-1.684924850125234741e+00;-1.681234592660973082e+00
0.000000000000000000e+00;0.000000000000000000e+00;0.000000000000000000e+00;0.000000000000000000e+00;0.000000000000000000e+00;0.000000000000000000e+00
-1.975873036726547571e+00;-1.698237062653147778e+00;-1.701079033470805690e+00;-1.698656465413995953e+00;-1.805277137617532279e+00;-1.790178732292075026e+00
-1.770821151841983854e+00;-1.618801423079230029e+00;-1.839343611699150394e+00;-1.619322391121075011e+00;-1.692947592744967533e+00;-1.678349112492919737e+00
-1.405959587685094325e+00;-1.185579763440038459e+00;-1.422931137379749300e+00;-1.205203907888508841e+00;-1.622797978096722771e+00;-1.446109824965396529e+00
-2.488081964464314844e+00;-1.896901877344709941e+00;-1.919301194452742054e+00;-1.895466715632309951e+00;-1.986100597856878647e+00;-1.929032748043246315e+00
0.000000000000000000e+00;0.000000000000000000e+00;0.000000000000000000e+00;0.000000000000000000e+00;0.000000000000000000e+00;0.000000000000000000e+00
-1.978315827992837006e+00;-1.594622660794950519e+00;-1.603044026252908871e+00;-1.595317721305143932e+00;-1.674826025700598020e+00;-1.641153295724910643e+00
-2.667545717932759963e+00;-2.005512925758392129e+00;-2.344527675556872026e+00;-2.004471550699357785e+00;-2.396606702933240740e+00;-2.520791170715577678e+00
-2.973178107669007808e+00;-1.970984938877169190e+00;-2.074071296448052770e+00;-1.968818085304557597e+00;-2.058496299740867563e+00;-2.001829048080830731e+00
-2.122331777378651196e+00;-2.340730474524137517e+00;-2.025189489680319976e+00;-2.007632670136205277e+00;-2.050153084377671853e+00;-2.446663042441485025e+00
0.000000000000000000e+00;0.000000000000000000e+00;0.000000000000000000e+00;0.000000000000000000e+00;0.000000000000000000e+00;0.000000000000000000e+00
-4.386964797926117682e-03;3.695818951331109395e-03;7.828587741938737143e-04;4.031199025933315458e-03;2.015819497218521855e-03;3.145529646866244700e-01
-6.583916479499556385e-01;-4.696167996936330136e-01;-5.305186552423406532e-01;-4.780002513382002882e-01;-4.715876708958824381e-01;-4.961682242895752992e-01
-7.013347011801756015e-01;-5.296508112044311378e-01;-5.498813075775229597e-01;-5.272304756826451388e-01;-5.953503513811531089e-01;-5.293975150027665499e-01
-5.871179483272546129e-01;-5.459555336833508132e-01;-5.540956579937923454e-01;-5.460337804345822832e-01;-5.640926043577414450e-01;-5.472177686373622674e-01
0.000000000000000000e+00;0.000000000000000000e+00;0.000000000000000000e+00;0.000000000000000000e+00;0.000000000000000000e+00;0.000000000000000000e+00
-1.950834110993470816e+00;-1.619736425110009703e+00;-1.592031083056260288e+00;-1.593421602117931490e+00;-1.665328866880093406e+00;-1.599505799260332317e+00
-1.708737514497616683e+00;-1.437204631061467897e+00;-1.438409829348997970e+00;-1.608593503552047110e+00;-1.523866680274582608e+00;-1.621375802058075299e+00
-1.817226807280277079e+00;-1.645904389200771867e+00;-1.511487102073475697e+00;-1.598994569481651418e+00;-1.518158704450929708e+00;-1.519529748528315460e+00
-1.747612258545807151e+00;-1.585715325436288126e+00;-1.587632225189258950e+00;-1.891063425521590347e+00;-1.581925432114170693e+00;-1.662779394748324702e+00
0.000000000000000000e+00;0.000000000000000000e+00;0.000000000000000000e+00;0.000000000000000000e+00;0.000000000000000000e+00;0.000000000000000000e+00
-2.468839220336586315e+00;-1.965655908671250618e+00;-2.292389084567453494e+00;-1.872250633264304742e+00;-1.922682387050238528e+00;-2.146112824406512409e+00
-2.573121806440971326e+00;-1.919964141646035793e+00;-1.919101663355357479e+00;-2.233075865159310780e+00;-1.973777797161934355e+00;-2.016307061741016593e+00
-1.772142478516811170e+00;-1.220560348143713281e+00;-1.220778180611201691e+00;-1.614974251888341872e+00;-1.478166417870508731e+00;-1.724357272602683455e+00
-1.792927973984409284e+00;-1.617428909267482728e+00;-1.616802669670346582e+00;-1.830932698992568497e+00;-1.801249338201139416e+00;-1.724944647801667674e+00
0.000000000000000000e+00;0.000000000000000000e+00;0.000000000000000000e+00;0.000000000000000000e+00;0.000000000000000000e+00;0.000000000000000000e+00
-2.269460703848884986e+00;-1.823525938802118329e+00;-1.822672457341642405e+00;-1.946806678333381946e+00;-2.004730126962175341e+00;-2.014479782962616650e+00
-2.237336197050827202e+00;-1.955256611026954916e+00;-1.955547644285373643e+00;-2.200354632854259584e+00;-1.973546576482704928e+00;-2.081306401313013144e+00
-2.141898447979957432e+00;-1.977100022936642665e+00;-1.987766716585972704e+00;-2.249418228886183257e+00;-2.081719126821639065e+00;-2.058586370715241642e+00
-4.595035256906189858e+00;-2.203394879775693926e+00;-2.071197833930893850e+00;-2.071899416375386771e+00;-2.098712045902243695e+00;-2.243888225214835330e+00
0.000000000000000000e+00;0.000000000000000000e+00;0.000000000000000000e+00;0.000000000000000000e+00;0.000000000000000000e+00;0.000000000000000000e+00
-2.292821295765397338e-02;-2.534313017040993460e-03;-1.249652366120091590e-02;2.157456755989212074e-03;-6.071596553734454407e-03;-4.632778096576934540e-03
-2.998728179861520626e-01;-2.136193306703546568e-01;-2.012772066573788043e-01;-1.978601910627718063e-01;-2.051333867435395641e-01;-2.334564126937147543e-01
-2.960124902847965922e-01;-2.018695743965068234e-01;-2.010686536210520847e-01;-2.071734347696017331e-01;-2.573619075828789682e-01;-3.028039545653332110e-01
-3.267976054930208374e-01;-2.038829064341934894e-01;-2.206137237836407472e-01;-2.097768037933694929e-01;-2.383981063972992476e-01;-2.070678139762643644e-01
0.000000000000000000e+00;0.000000000000000000e+00;0.000000000000000000e+00;0.000000000000000000e+00;0.000000000000000000e+00;0.000000000000000000e+00
-2.754537795131915878e+00;-2.086760054118446561e+00;-2.250912229158606337e+00;-2.087706164815948284e+00;-2.385092540276627204e+00;-2.139616739491427388e+00
-1.931028823359058233e+00;-1.450949960839058805e+00;-1.588399865111879361e+00;-1.450911148632100911e+00;-1.471801577920230475e+00;-1.783323957128498227e+00
-3.558427145721572593e+00;-2.337303266910957245e+00;-2.544660616328138669e+00;-2.340650230934946840e+00;-2.396403725282299391e+00;-2.373346697813742967e+00
-4.360410529296613547e+00;-2.238172893796170460e+00;-2.501103825550552884e+00;-2.324282333582652349e+00;-2.522138748669829678e+00;-2.847005457276014617e+00
0.000000000000000000e+00;0.000000000000000000e+00;0.000000000000000000e+00;0.000000000000000000e+00;0.000000000000000000e+00;0.000000000000000000e+00
-1.798440302593972362e+00;-1.734492095455943073e+00;-3.481918997652238446e+00;-1.734798992083117497e+00;-2.043537533831294883e+00;-2.283926657908278646e+00
-2.423835786276329785e+00;-1.984223625558761528e+00;-2.062119119610552609e+00;-1.983253310281191117e+00;-2.077240677244502010e+00;-2.097425740476351219e+00
-2.088697525044251435e+00;-1.770209185388285311e+00;-1.777120110843733558e+00;-1.770861201549170261e+00;-1.873321594463255302e+00;-1.868325961205410835e+00
-2.416060491038990676e+00;-2.067840797058696722e+00;-2.160733614546770820e+00;-2.071280947024285890e+00;-2.134990808717057487e+00;-2.090935562233508627e+00
0.000000000000000000e+00;0.000000000000000000e+00;0.000000000000000000e+00;0.000000000000000000e+00;0.000000000000000000e+00;0.000000000000000000e+00
-2.753957899123159692e+00;-2.002118930616510362e+00;-1.939454175080751908e+00;-1.979901528390467735e+00;-2.179350013305077383e+00;-2.006937311164618265e+00
-3.660560635493462112e+00;-3.259930226506540407e+00;-3.328652449167872174e+00;-3.567793685478184429e+00;-3.351929959226834121e+00;-3.282987252088972241e+00
-3.525772700613926780e+00;-2.151640243772857897e+00;-2.414124920716590239e+00;-2.086483930343002946e+00;-2.518331015763219050e+00;-2.116245353292580234e+00
-1.813590645495537723e+00;-1.734060444211432461e+00;-2.389333222553518432e+00;-1.727824725089133873e+00;-1.756207471139991316e+00;-1.958501328979757261e+00
0.000000000000000000e+00;0.000000000000000000e+00;0.000000000000000000e+00;0.000000000000000000e+00;0.000000000000000000e+00;0.000000000000000000e+00
-1.570624861626683244e-01;-1.190464433611660294e-01;-1.397389786916276022e-01;-9.137648373458752415e-02;-1.575097300249070909e-01;-1.066720705526192081e-01
-8.551220298835520567e-03;-1.296166777515140450e-03;3.870629771836714417e-02;5.381596296631426662e-04;-8.434428993278378708e-03;-5.310542443328099618e-03
-1.389428081456628994e-01;-1.134710611597813945e-01;-1.022811243978769963e-01;-9.587647607240890046e-02;-1.068084621369267406e-01;-1.136895824755301126e-01
-1.163921085681508399e-01;-6.683566283866979041e-02;-1.138674272878200389e-01;-7.562205210548597623e-02;-1.254805722479156449e-01;-8.213374512866877808e-02
0.000000000000000000e+00;0.000000000000000000e+00;0.000000000000000000e+00;0.000000000000000000e+00;0.000000000000000000e+00;0.000000000000000000e+00
-2.187043433172028983e+00;-1.803244530156186354e+00;-1.802954157176085204e+00;-1.803854180234069293e+00;-1.912062796246367213e+00;-1.803511430210142485e+00
-1.541051948237486702e+00;-1.483011738852107353e+00;-1.459545235930386431e+00;-1.464331049838138554e+00;-1.482152422675830472e+00;-1.536391483473934727e+00
-3.111520557713452817e+00;-2.679873445288372569e+00;-2.929671141198183726e+00;-2.636342415926813842e+00;-2.811285211305332155e+00;-2.754055611697990624e+00
-3.215488930848358073e+00;-2.894777315704584186e+00;-2.895525937759775736e+00;-2.894996933275901796e+00;-3.016098531718632181e+00;-2.899101487071984007e+00
0.000000000000000000e+00;0.000000000000000000e+00;0.000000000000000000e+00;0.000000000000000000e+00;0.000000000000000000e+00;0.000000000000000000e+00
-2.444488113670152174e+00;-2.380522860718180755e+00;-2.686110223419396092e+00;-2.372651047624308784e+00;-2.486112963735114700e+00;-2.378231255933386912e+00
-1.696822983821982822e+00;-1.653572461996178022e+00;-1.623186369223569292e+00;-1.624435505770433608e+00;-1.838076331333965641e+00;-1.627102862018514173e+00
-1.814028289290927853e+00;-1.813031697149444454e+00;-1.813870050023534963e+00;-1.812940070618441535e+00;-1.831798213768424777e+00;-1.822392336940557467e+00
-2.543543993202008746e+00;-2.182889492655935015e+00;-2.183045515581196749e+00;-2.241962587359513925e+00;-2.213199005298208011e+00;-2.184004875494020670e+00
0.000000000000000000e+00;0.000000000000000000e+00;0.000000000000000000e+00;0.000000000000000000e+00;0.000000000000000000e+00;0.000000000000000000e+00
-2.542818189205355406e+00;-2.215402500488654614e+00;-2.217565490956292962e+00;-2.228328323095180696e+00;-2.426711328189219419e+00;-2.246993233825330449e+00
-5.542847957035801798e+00;-3.546846585519478623e+00;-3.579705398827779383e+00;-3.546835542696852084e+00;-3.614189863477202724e+00;-3.550022069026764981e+00
-2.312602100145073614e+00;-2.037559123185868071e+00;-2.335071027062123328e+00;-2.034280372401504611e+00;-2.172936028663411179e+00;-2.374852063254702550e+00
-2.840986052448389643e+00;-1.783600275299875193e+00;-1.780439647118641666e+00;-1.783347282974660830e+00;-1.794606724441673684e+00;-1.934445175463960442e+00
0.000000000000000000e+00;0.000000000000000000e+00;0.000000000000000000e+00;0.000000000000000000e+00;0.000000000000000000e+00;0.000000000000000000e+00
-2.951238596334768149e-01;-2.607363971184361029e-01;-2.668287654625501326e-01;-2.641663812465426808e-01;-3.132635901627864317e-01;-2.619434098890439655e-01
-5.624777134033268067e-03;-8.558731853157316690e-04;6.668977999446094873e-02;7.162350393107470023e-04;3.567937196624575537e-04;3.599475790346865736e-04
-2.011385879599209281e-01;-2.043407181234599412e-01;-2.067429924127353325e-01;-2.053748971536968893e-01;-2.057052468277754953e-01;-2.073529917096541275e-01
-1.645772400176442885e-01;-1.624891634359192649e-01;-1.625224100385728732e-01;-2.019385695522838975e-01;-1.897493434122189959e-01;-1.693012246918772779e-01
0.000000000000000000e+00;0.000000000000000000e+00;0.000000000000000000e+00;0.000000000000000000e+00;0.000000000000000000e+00;0.000000000000000000e+00
-3.491970673221211907e+00;-2.210549920137501623e+00;-2.210417132814472829e+00;-2.394485630964770628e+00;-2.245527751400564043e+00;-2.322890829953106362e+00
-2.046683187124658687e+00;-1.649773326141227958e+00;-1.482967309203691908e+00;-1.676620158992008669e+00;-1.791179092460455369e+00;-1.916720430804677466e+00
-3.388170481715100379e+00;-2.753895607513500376e+00;-2.712558555637070157e+00;-3.692440719578985231e+00;-2.930223299727704678e+00;-3.483669983220589295e+00
-4.900906944678714794e+00;-2.140174033754357552e+00;-2.143913305780530187e+00;-3.029724059009517134e+00;-2.234747533234062722e+00;-2.149311706171440406e+00
0.000000000000000000e+00;0.000000000000000000e+00;0.000000000000000000e+00;0.000000000000000000e+00;0.000000000000000000e+00;0.000000000000000000e+00
-2.064046743451712018e+00;-1.800866857595176063e+00;-1.602486700806068587e+00;-2.442895177968641640e+00;-1.650659671995268862e+00;-2.054557045378806457e+00
-1.496687878124125959e+00;-1.306315784604653807e+00;-1.306172297635396440e+00;-1.796055692568365947e+00;-1.359310991994226558e+00;-1.373823010646390008e+00
-2.205265683972577051e+00;-1.797127577383944574e+00;-1.841543064115718220e+00;-1.989853924992987189e+00;-1.832456489960681445e+00;-1.883120717097382268e+00
-4.037151328986016807e+00;-2.735684052202387306e+00;-2.658822971781837019e+00;-2.953906347496253915e+00;-3.023280186715921580e+00;-2.923265996122701438e+00
0.000000000000000000e+00;0.000000000000000000e+00;0.000000000000000000e+00;0.000000000000000000e+00;0.000000000000000000e+00;0.000000000000000000e+00
-3.222420149206038698e+00;-2.458285143624447944e+00;-2.448742317586490636e+00;-2.658964616388939994e+00;-2.474379229887782472e+00;-2.693050389628377506e+00
-4.047791127809992062e+00;-2.779866519176039219e+00;-2.776965905622658326e+00;-3.303954290658794868e+00;-2.818308735315201652e+00;-2.861907463560476650e+00
-2.517850427297035676e+00;-2.115844715477912530e+00;-2.093014078498134811e+00;-2.184172447556055552e+00;-2.506325564944315243e+00;-2.589248006778923639e+00
-2.577651620550938549e+00;-1.866904689483215973e+00;-1.865983765892970547e+00;-2.536128448893649079e+00;-1.899610236182723177e+00;-1.936669572109817272e+00
0.000000000000000000e+00;0.000000000000000000e+00;0.000000000000000000e+00;0.000000000000000000e+00;0.000000000000000000e+00;0.000000000000000000e+00
-9.881386037167239067e-01;-8.178946538743142591e-01;-8.151731252611115197e-01;-8.661127257717866623e-01;-8.279346372473898041e-01;-8.159804490033191193e-01
-1.450282340978188700e-02;-7.020910376565214772e-03;2.649373851771985415e-04;9.779168617102618546e-04;-1.035326614230826052e-02;8.616236472123411927e-02
-8.816592961921110305e-01;-5.356615547894092444e-01;-5.371661640330669396e-01;-5.634030814521235886e-01;-5.477910538022809916e-01;-5.389195721329518296e-01
-6.033820376190492940e-01;-5.353118369356579809e-01;-5.355495291759334586e-01;-5.509502304229654257e-01;-5.571251327781430174e-01;-5.368661278791555524e-01
0.000000000000000000e+00;0.000000000000000000e+00;0.000000000000000000e+00;0.000000000000000000e+00;0.000000000000000000e+00;0.000000000000000000e+00
-1.619295448546895999e+00;-1.450580428013463319e+00;-2.038686117653294438e+00;-1.490710610237202527e+00;-1.642291206812677373e+00;-1.771416771695648151e+00
-1.512437485749182464e+00;-1.459800006095293146e+00;-1.674012597072066288e+00;-1.460091217765751459e+00;-1.474525612460807267e+00;-1.526571716183974470e+00
-5.026362550829976961e+00;-1.996043836921323367e+00;-2.321448178161356068e+00;-1.841373587138347423e+00;-1.849565628177386234e+00;-1.907324739445863004e+00
-1.793300851727236189e+00;-1.702262929228677724e+00;-1.747960432023583977e+00;-1.703752787708673999e+00;-1.737078748255508565e+00;-1.733176118557176348e+00
0.000000000000000000e+00;0.000000000000000000e+00;0.000000000000000000e+00;0.000000000000000000e+00;0.000000000000000000e+00;0.000000000000000000e+00
-1.962027068893254400e+00;-1.699602180964441711e+00;-1.838403697876122012e+00;-1.702821695351801612e+00;-1.708242284246773490e+00;-1.700081382779663253e+00
-1.812925154344222856e+00;-1.788465053110638303e+00;-1.778098270523050140e+00;-1.747942027727240610e+00;-1.772406526127964455e+00;-1.777253310183278145e+00
-1.830188330711360223e+00;-1.646652428292551207e+00;-1.595629761069847774e+00;-1.595652279846368815e+00;-1.595803857638882661e+00;-1.655665352095307075e+00
-2.335588470590819199e+00;-2.029719913598073688e+00;-2.318277741235720057e+00;-2.032357633363202964e+00;-2.044010453153489060e+00;-2.036615731995912171e+00
0.000000000000000000e+00;0.000000000000000000e+00;0.000000000000000000e+00;0.000000000000000000e+00;0.000000000000000000e+00;0.000000000000000000e+00
-2.641566205556979074e+00;-1.862045431493653869e+00;-1.865458658081217802e+00;-1.935676983481927182e+00;-1.862811717060253391e+00;-1.924775419434929358e+00
-5.144162716798180490e+00;-2.470739358680158926e+00;-2.870753218670206941e+00;-2.510707248751049558e+00;-2.747835589543919266e+00;-2.476386370626271205e+00
-2.563912911140092010e+00;-2.379444611531342790e+00;-2.381422866162275831e+00;-2.283117207667232140e+00;-2.284353217250892243e+00;-2.289874642045817588e+00
-2.483518902416099294e+00;-2.306816418917172484e+00;-2.306902913008880507e+00;-2.361328762143981130e+00;-2.310026483649834539e+00;-2.513343450222841113e+00
0.000000000000000000e+00;0.000000000000000000e+00;0.000000000000000000e+00;0.000000000000000000e+00;0.000000000000000000e+00;0.000000000000000000e+00
-1.111229643189553043e-02;2.656163374491838924e-01;-9.210730822405806956e-03;-8.296983718373477854e-03;-8.501807169064262704e-03;-1.072683647584153285e-02
-2.080141211138957502e-01;-2.471355891658640891e-01;-1.630794888692413125e-01;-1.829201187510314797e-01;-2.414940301281258139e-01;-2.484691739491896034e-01
-2.024627470791859341e-01;-2.213956767982093177e-01;-3.034185179193640280e-01;-1.782570252525452204e-01;-2.751956594096801600e-01;-2.134149677558386804e-01
-2.822632070950521488e-01;-2.170634517950825182e-01;-2.273967263716202836e-01;-2.491339015218291819e-01;-2.701353100692897025e-01;-2.467331477358468972e-01
0.000000000000000000e+00;0.000000000000000000e+00;0.000000000000000000e+00;0.000000000000000000e+00;0.000000000000000000e+00;0.000000000000000000e+00
-3.444954256618457222e+00;-1.805644306538018107e+00;-1.805037505830659361e+00;-1.808379886417486260e+00;-1.808553335490439729e+00;-1.808130736892466173e+00
-1.543079644419718788e+00;-1.540973134176335968e+00;-1.857867706189605173e+00;-1.543381091049101039e+00;-1.547290800775041220e+00;-1.548804241941684090e+00
-1.888202775063659189e+00;-1.888296923861322751e+00;-2.090453054260144494e+00;-1.888218941566857989e+00;-1.888876521958440691e+00;-1.903697950622516677e+00
-2.149527230366212294e+00;-1.791898178487581372e+00;-1.795896181879512721e+00;-1.795802691544259977e+00;-1.794719991195734998e+00;-1.795819836613310683e+00
0.000000000000000000e+00;0.000000000000000000e+00;0.000000000000000000e+00;0.000000000000000000e+00;0.000000000000000000e+00;0.000000000000000000e+00
-1.816383140379240313e+00;-1.699908390124186042e+00;-1.785693965462210819e+00;-1.701764331421919962e+00;-1.704253231168748828e+00;-1.703815915792303404e+00
-2.127258625462543851e+00;-1.926080685971946149e+00;-1.932689078198872146e+00;-1.929782029624317108e+00;-1.933869392893884154e+00;-1.991251048176456928e+00
-1.583052385513549876e+00;-1.841431792765725994e+00;-1.587888871894108211e+00;-1.588684453652762896e+00;-1.730502479220677792e+00;-1.792537426784973187e+00
-2.058294458423583162e+00;-1.847301491110041383e+00;-1.857787522020601489e+00;-1.854563410882254626e+00;-1.933140828085701424e+00;-1.852947440995656336e+00
0.000000000000000000e+00;0.000000000000000000e+00;0.000000000000000000e+00;0.000000000000000000e+00;0.000000000000000000e+00;0.000000000000000000e+00
-1.918964498306847233e+00;-1.899347052611811026e+00;-1.988736673214652750e+00;-1.914948649778238199e+00;-1.906236380091766325e+00;-1.902980285786899373e+00
-2.500431096760293403e+00;-2.497557552624583455e+00;-2.498813069519695951e+00;-2.497247575010479448e+00;-2.497568118612576438e+00;-2.501518663862867697e+00
-2.085653011772586662e+00;-2.080751128600780486e+00;-2.304606400903670416e+00;-2.077963264791073073e+00;-2.080835752706930997e+00;-2.395006244312236632e+00
-4.330723032114435433e+00;-2.083270020601642791e+00;-2.229649316368591094e+00;-2.087443517920890113e+00;-2.153122170482342668e+00;-2.087291071856672620e+00
0.000000000000000000e+00;0.000000000000000000e+00;0.000000000000000000e+00;0.000000000000000000e+00;0.000000000000000000e+00;0.000000000000000000e+00
-2.350874865958357818e-02;-2.180776329668241212e-02;-1.658549711829448298e-02;-1.294663583702488144e-02;-2.516924810967672427e-02;-1.568282935851969540e-02
-2.188562025353002483e-01;-1.289612600645773099e-01;-2.504198340836899864e-02;-5.189792233667725463e-02;-7.056993114225501573e-02;-5.503009388944403446e-02
-1.372191903188551554e-01;-9.433215379899778652e-02;-1.259226207461620617e-01;-2.055731198322131303e-01;-2.179803523848577174e-01;-1.365367821459650410e-01
-1.455087049599335658e-01;-1.391048320465957389e-01;-1.403669996585555635e-01;-1.440701372703612204e-01;-1.360601184878396375e-01;-1.515158419159233216e-01
0.000000000000000000e+00;0.000000000000000000e+00;0.000000000000000000e+00;0.000000000000000000e+00;0.000000000000000000e+00;0.000000000000000000e+00
-1.952975174532436409e+00;-1.949861819715331457e+00;-1.952777961013325569e+00;-2.119317263559837627e+00;-1.955469575905314894e+00;-1.951798675177621956e+00
-2.198117471003653289e+00;-1.583628309414186530e+00;-1.646092526025533687e+00;-1.586216691583639093e+00;-1.585285021329633448e+00;-1.839693345526120627e+00
-2.844507936110241442e+00;-2.386174887548165202e+00;-2.388456424128172273e+00;-2.386377647796323220e+00;-2.391297937737176582e+00;-2.588349331652235463e+00
-2.087853481009505963e+00;-2.047028678314601002e+00;-2.663372594174282959e+00;-2.053921356892296934e+00;-2.049855403834513368e+00;-2.049259238484285373e+00
0.000000000000000000e+00;0.000000000000000000e+00;0.000000000000000000e+00;0.000000000000000000e+00;0.000000000000000000e+00;0.000000000000000000e+00
-2.127727256301659597e+00;-1.870867083748650073e+00;-1.871957903083361074e+00;-1.873874964358718698e+00;-2.046504166589866891e+00;-1.873887362058794359e+00
-2.046554302062616237e+00;-2.043318417068412440e+00;-2.043540978995313395e+00;-2.042265924585183967e+00;-2.062913503223578360e+00;-2.042163694986418143e+00
-2.130154524800701665e+00;-2.128066497507687505e+00;-2.289270963927420688e+00;-2.126105744197400504e+00;-2.283885133236359000e+00;-2.266483698676818648e+00
-2.056748158448789887e+00;-1.918452440731461373e+00;-1.914810916537814656e+00;-2.022913672852388878e+00;-2.080717757373994559e+00;-1.913073597643942803e+00
0.000000000000000000e+00;0.000000000000000000e+00;0.000000000000000000e+00;0.000000000000000000e+00;0.000000000000000000e+00;0.000000000000000000e+00
-2.173813937054845269e+00;-2.130715916233484108e+00;-2.073091698079079670e+00;-2.074462975992142244e+00;-2.076006068765657631e+00;-2.120825820241362791e+00
-3.048258193017087336e+00;-3.041942541726115667e+00;-3.040866616335340833e+00;-3.124125472656617220e+00;-4.097564236627728285e+00;-3.397652521481978383e+00
-2.366566839774632669e+00;-2.340999962194301620e+00;-2.338321610845581322e+00;-2.520787540204366017e+00;-2.342863539422680219e+00;-2.342181833219867393e+00
-1.912171870615979152e+00;-1.912064123838798757e+00;-1.909057899065884856e+00;-1.913904950812268746e+00;-1.917348111389980403e+00;-1.925203605854263644e+00
0.000000000000000000e+00;0.000000000000000000e+00;0.000000000000000000e+00;0.000000000000000000e+00;0.000000000000000000e+00;0.000000000000000000e+00
-5.905811496587710929e-02;-7.574054965921520055e-02;-1.235567382844113687e-01;-4.457996569825151134e-02;-5.640219302086706826e-02;-5.499593588810029049e-02
-3.885031528694213310e-02;1.841262290596793957e-02;-2.492498402925747911e-02;-2.317054746511974794e-02;-3.314718117096284583e-02;-1.811019787697191324e-02
-1.055871229208340811e-01;-8.835007579308526426e-02;-8.403802981990698973e-02;-1.182092633490099687e-01;-1.199433826855191842e-01;-1.423065726334721004e-01
-8.454969741970677632e-02;-7.384461916539880599e-02;-7.655736886661566876e-02;-8.117668933670676990e-02;-7.133492603576677138e-02;-7.348647425954138446e-02
0.000000000000000000e+00;0.000000000000000000e+00;0.000000000000000000e+00;0.000000000000000000e+00;0.000000000000000000e+00;0.000000000000000000e+00
-1.841136581967903751e+00;-1.843052998626359962e+00;-1.843194867175079521e+00;-1.845123018223527422e+00;-1.845975651149338148e+00;-1.843034090903628019e+00
-1.873853347995768193e+00;-1.873238466876240960e+00;-1.872005511585197457e+00;-1.872741343413761195e+00;-2.358048345314804006e+00;-1.901461319304415198e+00
-2.973263787782889800e+00;-2.971235796606164214e+00;-2.972109114840629118e+00;-2.969315897793713077e+00;-3.160364149476106554e+00;-2.990758853601886980e+00
-1.760118123429384562e+00;-2.235391931405161348e+00;-1.760779342922629276e+00;-1.765074238449479527e+00;-1.765152219689717583e+00;-1.765149242518523121e+00
0.000000000000000000e+00;0.000000000000000000e+00;0.000000000000000000e+00;0.000000000000000000e+00;0.000000000000000000e+00;0.000000000000000000e+00
-2.228741201566801777e+00;-2.878709263432705612e+00;-2.124404315932250320e+00;-2.121641743936685032e+00;-2.131566789996570677e+00;-2.143887275965033368e+00
-1.862927662016562458e+00;-1.864437929785373704e+00;-1.860414217830383077e+00;-1.861607071172056926e+00;-1.909444533108925590e+00;-1.864842830685561115e+00
-2.175851673225424499e+00;-2.178049514294693623e+00;-2.189739082287541549e+00;-2.178176836653266335e+00;-2.241534886639699575e+00;-2.180282032074774445e+00
-3.035164055934424177e+00;-2.260920581306846699e+00;-2.260897547833769838e+00;-2.271399210603125773e+00;-2.366530045313171460e+00;-2.263090990510983502e+00
0.000000000000000000e+00;0.000000000000000000e+00;0.000000000000000000e+00;0.000000000000000000e+00;0.000000000000000000e+00;0.000000000000000000e+00
-2.437618434127296396e+00;-2.362262140590729587e+00;-2.524140904246732653e+00;-2.364678035877947782e+00;-2.364687482167404653e+00;-2.369781578167097891e+00
-5.471917269267688511e+00;-3.804254610048716678e+00;-3.801866198407689357e+00;-4.357372775101600482e+00;-3.805524975935311804e+00;-3.914178330240609238e+00
-2.497670112625934635e+00;-2.247635936571235948e+00;-2.249886559972043454e+00;-2.251026562900831252e+00;-2.252749444330341078e+00;-2.293564763164408493e+00
-1.929659842057935837e+00;-1.886379990417428987e+00;-1.952737655916035209e+00;-1.884536217651906931e+00;-1.916172145880617350e+00;-1.895974033167465489e+00
0.000000000000000000e+00;0.000000000000000000e+00;0.000000000000000000e+00;0.000000000000000000e+00;0.000000000000000000e+00;0.000000000000000000e+00
-2.706338268353051801e-01;-1.494241116447845852e-01;-1.593653231688100802e-01;-1.610553584072562938e-01;-1.696249644658607281e-01;-1.497213025257145835e-01
-5.788754101430561294e-02;1.663719533061911587e-02;-2.115626683584904619e-03;-3.414817134542883631e-02;-4.721210897305214149e-02;-6.326506638804687069e-03
-1.321473796951931901e-01;-1.412200828078482295e-01;-1.056197664438898592e-01;-1.030598498105285143e-01;-1.408795452636850687e-01;-1.038210235812150051e-01
-9.198978562688067684e-02;-8.262234230568818449e-02;-6.798841424455003002e-02;-1.200680155109977165e-01;-1.049430437323010251e-01;-7.665342566021035586e-02
0.000000000000000000e+00;0.000000000000000000e+00;0.000000000000000000e+00;0.000000000000000000e+00;0.000000000000000000e+00;0.000000000000000000e+00
-3.493533039916514316e+00;-2.400619781329517366e+00;-2.250039583951128463e+00;-2.204407383173490942e+00;-2.327425447352467369e+00;-2.206319943986723153e+00
-1.940205832986155121e+00;-1.937602293269239384e+00;-1.986183650086942531e+00;-1.967431542976000980e+00;-2.121702136241768510e+00;-1.941162599650505527e+00
-2.767543498498344245e+00;-3.014409469774402162e+00;-3.301566757190508739e+00;-2.929144667300358051e+00;-2.771079866255107937e+00;-2.774055418890752023e+00
-4.459107685685699707e+00;-2.381066828150538051e+00;-2.380812216098993517e+00;-2.452244324141435783e+00;-2.458867515715443819e+00;-2.381949724712836947e+00
0.000000000000000000e+00;0.000000000000000000e+00;0.000000000000000000e+00;0.000000000000000000e+00;0.000000000000000000e+00;0.000000000000000000e+00
-2.064302729692398586e+00;-2.067641720953641737e+00;-2.155884825790525650e+00;-2.020931563662506036e+00;-2.008846587793855498e+00;-2.101091091013735035e+00
-1.870649275577259685e+00;-1.520020916653475718e+00;-1.519620803767562700e+00;-1.554537124875297494e+00;-1.537408140347584329e+00;-1.678836005941402698e+00
-2.142965162762811016e+00;-2.114592691157511695e+00;-2.061877352660908436e+00;-2.683930777941697876e+00;-2.375393853807135081e+00;-2.181287830746167167e+00
-2.923842693420809269e+00;-2.845865165845721023e+00;-2.845618191839859534e+00;-3.607615377259997924e+00;-2.848614845993667544e+00;-2.899935212321500089e+00
0.000000000000000000e+00;0.000000000000000000e+00;0.000000000000000000e+00;0.000000000000000000e+00;0.000000000000000000e+00;0.000000000000000000e+00
-3.128820344506671347e+00;-3.075131960061616709e+00;-2.972308444314669451e+00;-3.106487238684273677e+00;-2.974060894211349115e+00;-2.974768973923316739e+00
-4.249844501998712332e+00;-3.468154260288389246e+00;-3.467178752510923889e+00;-4.475742346296787133e+00;-3.469747998055118465e+00;-3.511044206758780817e+00
-2.730847749146409154e+00;-2.548830226011283173e+00;-2.531970557015820855e+00;-2.492338897549812415e+00;-2.708419176695707975e+00;-2.429453518246571520e+00
-2.661357341537379462e+00;-1.848121854448785628e+00;-1.847911254238152168e+00;-1.850529263413103420e+00;-1.849630440355893191e+00;-1.884869215963548505e+00
0.000000000000000000e+00;0.000000000000000000e+00;0.000000000000000000e+00;0.000000000000000000e+00;0.000000000000000000e+00;0.000000000000000000e+00
-3.809632021639036692e-01;-3.522062498010655185e-01;-2.893042692638425617e-01;-2.914371228329010188e-01;-2.992821384472872381e-01;-2.954248882998450898e-01
-1.029982339107999613e-02;-1.042538802296599440e-02;-5.454332572976571675e-03;1.210521885984890307e-02;-1.130449263482577460e-02;-1.991457828407126179e-02
-4.642526419113329750e-01;-2.007988352094619566e-01;-2.013433532825083527e-01;-2.245137368816002010e-01;-2.078399609995118524e-01;-2.229151309338369691e-01
-2.099023760670571948e-01;-1.667828096201354193e-01;-1.667926403618116282e-01;-1.673798954230799052e-01;-1.871923931348404846e-01;-1.881750174417787524e-01
0.000000000000000000e+00;0.000000000000000000e+00;0.000000000000000000e+00;0.000000000000000000e+00;0.000000000000000000e+00;0.000000000000000000e+00
-1.664692869578829004e+00;-1.631998739237490614e+00;-2.138841163339048723e+00;-1.538819614260700686e+00;-1.552944011083356113e+00;-1.548644985087631376e+00
-1.829684475441212044e+00;-1.795399373060794446e+00;-1.786194627486563213e+00;-1.780988670790423001e+00;-1.863252953376475896e+00;-1.790072441110729606e+00
-4.888505589741644286e+00;-2.253525193132913440e+00;-5.597432896319691764e+00;-2.075599589146728707e+00;-2.184440345672709505e+00;-2.046005401880536478e+00
-1.766363811685708551e+00;-1.773460485483288496e+00;-2.229820698653377953e+00;-1.763827014185838316e+00;-2.066331030812512903e+00;-1.990700318225193666e+00
0.000000000000000000e+00;0.000000000000000000e+00;0.000000000000000000e+00;0.000000000000000000e+00;0.000000000000000000e+00;0.000000000000000000e+00
-1.599749305807303568e+00;-1.738874861300346186e+00;-1.778605838849975473e+00;-1.581856676074802293e+00;-1.586792072086875782e+00;-1.582131327636790985e+00
-1.585167846321119178e+00;-1.685719539803715250e+00;-1.932181054203296000e+00;-1.587896305238229333e+00;-1.618479295831902975e+00;-1.589065877035409802e+00
-1.984246633142718430e+00;-1.868086928171151406e+00;-1.879613773260134568e+00;-1.978781182922047854e+00;-2.023402990944847879e+00;-1.878731970725865619e+00
-1.888602403860846657e+00;-1.912967146495661241e+00;-1.897777758300136064e+00;-1.888125020557554157e+00;-1.894931074383939817e+00;-2.092166086404033010e+00
0.000000000000000000e+00;0.000000000000000000e+00;0.000000000000000000e+00;0.000000000000000000e+00;0.000000000000000000e+00;0.000000000000000000e+00
-3.023953788958885447e+00;-2.384960975170762332e+00;-2.071004910960736911e+00;-1.997384331127476820e+00;-2.004364493857615059e+00;-2.477328270024201640e+00
-4.890069460653171163e+00;-2.461810113005541645e+00;-2.427773089550130159e+00;-2.342972014919357804e+00;-2.353822088197818907e+00;-2.347270160741643075e+00
-2.563403213684800619e+00;-2.044894465881190726e+00;-1.986609124819310068e+00;-1.969099116919530879e+00;-2.013090925875783643e+00;-1.969907298876573121e+00
-3.907088727505681813e+00;-2.819039502441050615e+00;-2.313409790656593579e+00;-2.312820761680526971e+00;-2.313302925662383380e+00;-2.496955939575036254e+00
0.000000000000000000e+00;0.000000000000000000e+00;0.000000000000000000e+00;0.000000000000000000e+00;0.000000000000000000e+00;0.000000000000000000e+00
-3.939548251111034405e-02;1.983783816571439984e-01;-4.223917737129023742e-02;-3.873191004204702692e-02;-6.244586201143377535e-02;-3.919659906651654091e-02
-9.492465722138035411e-02;-8.098432698690193055e-02;-1.518727757351264751e-01;-7.560906665218289358e-02;-1.097601492265542489e-01;-8.428930113602434160e-02
-1.137805487216515254e-01;-5.200469582383866751e-02;-4.074094821475603145e-02;-5.534084430777329311e-02;-6.881324117710298227e-02;-5.544435096356156029e-02
-2.472391976197146624e-01;-1.505202040686923759e-01;-1.618177157740255390e-01;-1.649212649549267329e-01;-1.804348448346131395e-01;-2.018840206493240919e-01
0.000000000000000000e+00;0.000000000000000000e+00;0.000000000000000000e+00;0.000000000000000000e+00;0.000000000000000000e+00;0.000000000000000000e+00
-3.338621382955094585e+00;-1.771351151910041999e+00;-1.770071744809848857e+00;-1.782953544537819290e+00;-1.943306176970941657e+00;-1.948560879694126058e+00
-5.069337639783071836e+00;-2.319707412705654725e+00;-2.319909129046131113e+00;-2.320645547898151140e+00;-2.323110143309359721e+00;-2.493186014920040883e+00
-5.371046076203223940e+00;-2.628699359267550051e+00;-2.763902712361558045e+00;-2.627412907965134714e+00;-2.656191644587516887e+00;-2.637859166579701764e+00
-2.163761329250911469e+00;-1.923499840498870128e+00;-2.136280311687639433e+00;-1.924230571354163422e+00;-2.675152715102580459e+00;-2.021964859979101803e+00
0.000000000000000000e+00;0.000000000000000000e+00;0.000000000000000000e+00;0.000000000000000000e+00;0.000000000000000000e+00;0.000000000000000000e+00
-1.875397613346725834e+00;-1.876501755811230021e+00;-2.519186958503809137e+00;-1.874963713443240199e+00;-1.878423432832323270e+00;-1.878474343796001866e+00
-2.266092723444573132e+00;-2.258413747701162322e+00;-2.362006318962092788e+00;-2.263720786745482272e+00;-2.261800101113587758e+00;-2.263870500642482853e+00
-2.097870250164202144e+00;-2.096445787617608580e+00;-2.114089397225530575e+00;-2.088216914723145301e+00;-2.372168180659661729e+00;-2.124873756925479196e+00
-2.178176340562271385e+00;-2.060064735918808232e+00;-2.182340865899365490e+00;-2.059050632967058814e+00;-2.064450083240914058e+00;-2.067277631793087433e+00
0.000000000000000000e+00;0.000000000000000000e+00;0.000000000000000000e+00;0.000000000000000000e+00;0.000000000000000000e+00;0.000000000000000000e+00
-2.047193746768300571e+00;-2.045769957642012749e+00;-2.263244429080841780e+00;-2.041599147987274598e+00;-2.041734621649029080e+00;-2.044038742953904197e+00
-2.397663714699867832e+00;-2.400173988313317519e+00;-2.400991819977460473e+00;-2.403363684440402714e+00;-2.398909433834177651e+00;-2.698785669266879683e+00
-2.071031229993443024e+00;-2.022028987905648556e+00;-2.087566614106219465e+00;-1.974151186968919447e+00;-1.976063797479701956e+00;-1.979892907471063168e+00
-4.487474523692259964e+00;-2.439292031807203109e+00;-2.293254513422921637e+00;-2.293114652742730630e+00;-2.294193975490226745e+00;-2.297030229463221218e+00
0.000000000000000000e+00;0.000000000000000000e+00;0.000000000000000000e+00;0.000000000000000000e+00;0.000000000000000000e+00;0.000000000000000000e+00
-3.293490063728722606e-02;-2.358043669480958809e-02;-1.939617447624650964e-02;-1.119512051434556205e-02;-1.867604400417407010e-02;-2.234158016852448581e-02
-1.245478119322913912e-01;-1.168346245135330197e-01;-1.083473906884718785e-01;-9.697624012565916884e-02;-1.385813248542174247e-01;-7.664460688832482049e-02
-5.584070407596915253e-02;-5.330275355635449852e-02;-4.073312535514212601e-02;-4.149263665746830143e-02;-3.991843730850697103e-02;-3.529029536968386616e-02
-8.735619626754129174e-02;-5.760625318823932306e-02;-9.664341078694350939e-02;-5.791991706416790842e-02;-6.869099434357181511e-02;-6.005962493620781162e-02
0.000000000000000000e+00;0.000000000000000000e+00;0.000000000000000000e+00;0.000000000000000000e+00;0.000000000000000000e+00;0.000000000000000000e+00
-1.846620620627346110e+00;-1.916423221552147726e+00;-1.851029468153468915e+00;-1.868295587149914283e+00;-1.850109372742590796e+00;-1.847640286948526001e+00
-2.379172950270895370e+00;-2.191188292617233913e+00;-2.174893980736656296e+00;-2.173382179198765751e+00;-2.360639045988088824e+00;-2.171808197090624226e+00
-2.913222490655086094e+00;-2.710060849016479700e+00;-2.583050954221040918e+00;-3.369094201127449395e+00;-2.560263309316720193e+00;-2.777572788716455854e+00
-2.270164011166218909e+00;-1.989411998946158722e+00;-1.990998540484125501e+00;-1.991786724212043946e+00;-1.993075016499874952e+00;-2.622086401268024058e+00
0.000000000000000000e+00;0.000000000000000000e+00;0.000000000000000000e+00;0.000000000000000000e+00;0.000000000000000000e+00;0.000000000000000000e+00
-8.891243969858004803e+00;-2.205207117053160193e+00;-2.739622370870551826e+00;-2.205027468047233263e+00;-2.515784151159952575e+00;-2.538079892900990231e+00
-2.380617370108296882e+00;-2.294446382398976247e+00;-2.289983080881551558e+00;-2.297369453742684975e+00;-2.292486814517439520e+00;-2.324766933033927785e+00
-2.220089492455441516e+00;-2.255751766910343292e+00;-2.215638335264706438e+00;-2.262986289917769511e+00;-2.263726466818054561e+00;-2.280815547125853104e+00
-1.773180462014646519e+00;-1.725470196961987224e+00;-1.699658527588023604e+00;-1.705451939416135598e+00;-1.781698726818559786e+00;-1.700236075150614923e+00
0.000000000000000000e+00;0.000000000000000000e+00;0.000000000000000000e+00;0.000000000000000000e+00;0.000000000000000000e+00;0.000000000000000000e+00
-2.486317352190771324e+00;-2.689601569144107529e+00;-2.560727149947915393e+00;-2.497223617377663629e+00;-2.493522094727808280e+00;-2.492189128854818136e+00
-3.206080482644147800e+00;-3.162967056314824887e+00;-3.131321014329437880e+00;-3.134068560263382430e+00;-3.135437847911444642e+00;-3.133255648327764931e+00
-2.547083769914814333e+00;-2.375907258577071524e+00;-2.372934258802020580e+00;-2.374547584833289093e+00;-2.377925489420177563e+00;-2.377299431647039718e+00
-2.821270453943968359e+00;-2.341036741676683519e+00;-2.355561912438491667e+00;-2.344576113300550269e+00;-2.343724479370829616e+00;-2.343308659270218364e+00
0.000000000000000000e+00;0.000000000000000000e+00;0.000000000000000000e+00;0.000000000000000000e+00;0.000000000000000000e+00;0.000000000000000000e+00
-3.730877088840743594e-02;-2.813731208670303824e-02;-1.008688490231703788e-01;-2.447364045571195912e-02;-5.423492332803109273e-02;-3.230966980294280172e-02
-9.028917952487501564e-02;-4.018577256171784740e-02;-2.909791591145988870e-02;-4.366332166094812756e-02;-2.906772850192845814e-02;-2.698528422259769549e-02
-4.642585643425133080e-02;-4.419516632474708440e-02;-3.934837404402695415e-02;-4.685308903986406398e-02;-4.397807386091460297e-02;-4.053182929232315712e-02
-3.800318094103342925e-02;-5.486440201052879273e-02;-7.004642163262179977e-02;-3.432517477648691639e-02;-3.763777682468816277e-02;-3.486774126468517726e-02
0.000000000000000000e+00;0.000000000000000000e+00;0.000000000000000000e+00;0.000000000000000000e+00;0.000000000000000000e+00;0.000000000000000000e+00
-2.083168611630198619e+00;-2.061933412839009883e+00;-2.063308961277114939e+00;-2.081869924776555969e+00;-2.060993514334454879e+00;-2.064097819662320976e+00
-2.807233416178472218e+00;-2.213114342166933035e+00;-2.212573173865092002e+00;-2.209893140291499414e+00;-2.217002876823984003e+00;-2.216176520669949301e+00
-2.751880098643183725e+00;-2.765216827996942239e+00;-2.705777466168120426e+00;-3.309535509907358009e+00;-2.710510500418343849e+00;-2.713266694015511238e+00
-1.845244732225710393e+00;-1.741917933411907260e+00;-1.739345765748921746e+00;-1.738458015409767077e+00;-1.740834472535740307e+00;-1.743058797436280560e+00
0.000000000000000000e+00;0.000000000000000000e+00;0.000000000000000000e+00;0.000000000000000000e+00;0.000000000000000000e+00;0.000000000000000000e+00
-2.331253836480094321e+00;-2.332972032078806102e+00;-2.563847154141226881e+00;-9.277993313415629828e+00;-2.617242181311169702e+00;-2.332542465477719151e+00
-2.517001890063328862e+00;-2.340727111191332810e+00;-2.392078591733065807e+00;-2.346178701186819815e+00;-2.338307842495493727e+00;-2.342446146557404241e+00
-2.425034580847519106e+00;-2.424837069737558970e+00;-2.430497635078784580e+00;-2.655901354276049897e+00;-2.430011675158617379e+00;-2.429521433783571993e+00
-2.496520825248619069e+00;-2.166877113739614558e+00;-2.147645447930097262e+00;-2.151882635584322578e+00;-2.329528200573262708e+00;-2.150934220829272547e+00
0.000000000000000000e+00;0.000000000000000000e+00;0.000000000000000000e+00;0.000000000000000000e+00;0.000000000000000000e+00;0.000000000000000000e+00
-2.854563592429017138e+00;-2.945291899113752443e+00;-2.856408717690296140e+00;-2.857361070294795802e+00;-2.854977531168561455e+00;-2.860909960827845655e+00
-3.885875517581340421e+00;-3.699593317293007555e+00;-3.696927031227879024e+00;-4.414741371509098400e+00;-3.885136646404339533e+00;-5.660477946980346786e+00
-2.292816304739691446e+00;-2.290918647479310621e+00;-2.548734633194065236e+00;-2.290976967668532982e+00;-2.292950497464093296e+00;-2.294446269253896720e+00
-5.007240400385810197e+00;-1.844897593355707244e+00;-1.844815480966904619e+00;-1.865086071104064658e+00;-1.848319497969167058e+00;-1.847891046987648167e+00
0.000000000000000000e+00;0.000000000000000000e+00;0.000000000000000000e+00;0.000000000000000000e+00;0.000000000000000000e+00;0.000000000000000000e+00
-6.957029134590931863e-01;-2.607663543323247568e-01;-1.321943030924093154e-01;-1.210288501032222713e-01;-1.089184334531986403e-01;-1.393794541716505686e-01
-1.237791243498038291e-01;-6.471189190309470374e-02;-4.739234448098675334e-02;-6.148579670854285861e-02;-4.800965545515838151e-02;-4.734151665202220721e-02
-8.583456509907977372e-02;-6.963483144459300944e-02;-7.225143728502014806e-02;-6.689683367266602287e-02;-7.972081172565800844e-02;-1.040510570080592778e-01
-6.644735548019196913e-02;-6.203284607854829547e-02;-2.676149346603138093e-02;-3.175394986618706311e-02;-2.759026832014006489e-02;-2.928514494857139758e-02
0.000000000000000000e+00;0.000000000000000000e+00;0.000000000000000000e+00;0.000000000000000000e+00;0.000000000000000000e+00;0.000000000000000000e+00
-3.301163714871495181e+00;-2.517789994724476621e+00;-2.500008043043742134e+00;-2.549411513457245704e+00;-2.502729421568973933e+00;-2.563302328898624971e+00
-2.132050806033845003e+00;-2.439913825050657348e+00;-2.129666309492872500e+00;-2.392295225515500334e+00;-2.259318211359600426e+00;-2.135067152094830778e+00
-3.542328549998980947e+00;-2.978110120210487377e+00;-2.692247855846288118e+00;-2.962576197317608795e+00;-2.699736556278121036e+00;-2.701974214554313747e+00
-4.362289940838905977e+00;-2.546196549180737456e+00;-2.155060265844306322e+00;-2.048289444541542714e+00;-2.050067491681239140e+00;-2.267170006493692824e+00
0.000000000000000000e+00;0.000000000000000000e+00;0.000000000000000000e+00;0.000000000000000000e+00;0.000000000000000000e+00;0.000000000000000000e+00
-2.436008509586737425e+00;-2.862949611782019677e+00;-2.335593472371364498e+00;-3.451401376378036900e+00;-2.457724053934866149e+00;-2.335570311573463176e+00
-1.793299706835345342e+00;-1.796677053870274765e+00;-1.793970454384780311e+00;-1.794052084132205849e+00;-2.020427265240221537e+00;-1.989028219760163640e+00
-2.464926534903969291e+00;-2.294979093968465556e+00;-2.296756446536993401e+00;-2.761195169197979915e+00;-2.387157489532235832e+00;-2.373550005640947980e+00
-3.045058785491400855e+00;-2.625399798015702224e+00;-2.620142211282390221e+00;-2.630993447659339068e+00;-2.622587449373101620e+00;-2.627838063080886410e+00
0.000000000000000000e+00;0.000000000000000000e+00;0.000000000000000000e+00;0.000000000000000000e+00;0.000000000000000000e+00;0.000000000000000000e+00
-1.179954680156430058e+01;-2.831502321787472631e+00;-2.831243642031460617e+00;-3.335447222775967280e+00;-2.837046192719040683e+00;-2.839563276159329241e+00
-3.538519796469921541e+00;-2.935285486679541034e+00;-2.930352082286264981e+00;-3.052601867139995040e+00;-3.172144762517348227e+00;-2.930619879091188817e+00
-2.979529349184748543e+00;-2.791356002108905443e+00;-2.561715309403234997e+00;-2.686785802367050113e+00;-2.644375137549201504e+00;-2.696153138365386503e+00
-2.723860692419743934e+00;-2.540605859487389928e+00;-2.392107237707978840e+00;-2.400753815551613268e+00;-2.396995631727078191e+00;-3.000363335401822873e+00
0.000000000000000000e+00;0.000000000000000000e+00;0.000000000000000000e+00;0.000000000000000000e+00;0.000000000000000000e+00;0.000000000000000000e+00
-2.367306880712944928e-01;-1.413348714799000927e-01;-1.501025104215540362e-01;-1.225396669716961318e-01;-1.017043758778717194e-01;-1.069790966097212692e-01
-5.394212531561795587e-02;-1.974620636785104008e-02;-3.656369111350278589e-02;-5.781287006598905681e-02;-4.324832028441114029e-02;-4.300820561379733314e-02
-4.443817754369273620e-01;-6.611936795151839019e-02;-6.697195064263472553e-02;-9.750736988243240144e-02;-8.529326139531386020e-02;-1.229241308883950168e-01
-1.541996779008146246e-01;-4.351077907851697013e-02;-2.789175239894894909e-02;-3.589057575056159299e-02;-3.863314804224821097e-02;-4.122875124939223701e-02
0.000000000000000000e+00;0.000000000000000000e+00;0.000000000000000000e+00;0.000000000000000000e+00;0.000000000000000000e+00;0.000000000000000000e+00
-1.451634553577418441e+00;-1.425976658671709529e+00;-1.032229826902147263e+00;-1.030868786167719708e+00;-1.064237638322951485e+00;-1.306504566188574135e+00
-1.783386709194640485e+00;-1.707613164129460959e+00;-1.668525325033058504e+00;-1.688247646164573457e+00;-1.730119256420761253e+00;-1.675858840975928077e+00
-1.345598501441914063e+00;-5.413236062768268297e+00;-1.278086578625287739e+00;-1.228742691180074287e+00;-1.242713290100530887e+00;-1.459653538046439714e+00
-1.530920465838325084e+00;-1.917088829685738904e+00;-1.566480360475645872e+00;-1.456473008100488631e+00;-1.533731018497160203e+00;-1.665197159627549439e+00
0.000000000000000000e+00;0.000000000000000000e+00;0.000000000000000000e+00;0.000000000000000000e+00;0.000000000000000000e+00;0.000000000000000000e+00
-1.350450553033462064e+00;-1.705867182444120722e+00;-1.173836663438903694e+00;-1.174546697218340263e+00;-1.302426501608877851e+00;-1.185323617677388253e+00
-2.718420498390126561e+00;-1.476749038310922746e+00;-1.260705076655339596e+00;-1.260390339813856286e+00;-1.262639230141536340e+00;-1.420156730495608866e+00
-9.605913364870150017e-01;-1.820834847524114064e+00;-9.148735087902741814e-01;-8.926605292218193766e-01;-1.304234125057458282e+00;-1.112521147633085183e+00
-1.406011593517827230e+00;-1.966749340522103928e+00;-1.373537521743287471e+00;-1.274904419195468819e+00;-1.321244866729406997e+00;-1.330108455946828139e+00
0.000000000000000000e+00;0.000000000000000000e+00;0.000000000000000000e+00;0.000000000000000000e+00;0.000000000000000000e+00;0.000000000000000000e+00
-4.441913330814752925e+00;-2.138084950108135374e+00;-1.178738382935175633e+00;-1.184010800101380934e+00;-1.181873957596569102e+00;-1.196341926095201513e+00
-4.791338802335922686e+00;-1.451788636260292975e+00;-1.211474655127716904e+00;-1.210785587123172746e+00;-1.266938448651827365e+00;-1.216013353837139377e+00
-2.993221381646526069e+00;-1.477971071780058043e+00;-1.197424587278884012e+00;-1.197891639006153808e+00;-1.215696114327734501e+00;-1.422874594779715673e+00
-3.000064001307269912e+00;-2.167273782191515785e+00;-1.390011357982457119e+00;-1.390830282044226429e+00;-1.416155336905188911e+00;-1.402373166974822727e+00
0.000000000000000000e+00;0.000000000000000000e+00;0.000000000000000000e+00;0.000000000000000000e+00;0.000000000000000000e+00;0.000000000000000000e+00
-3.409168736041831016e-01;6.486469032705551030e-02;-1.215650314098274121e-01;-1.015103092235801474e-01;-1.382475574575040000e-01;-1.386813209326537011e-01
-2.448624243341746554e-01;-1.661150826970804739e-01;-1.194643754702355010e-01;-1.180067978243131005e-01;-1.755520793412076175e-01;-1.309240509779004968e-01
-7.276187616412777004e-02;-3.983991366714635662e-02;-2.970474486631282524e-02;-3.966575762683424190e-03;-1.427940965027848803e-03;-6.170150732347915064e-03
-9.482248227555004627e-01;-4.842456345280163887e-01;-3.268505948971400232e-01;-3.187532789354066698e-01;-3.474112838863961938e-01;-4.990553683175957822e-01
0.000000000000000000e+00;0.000000000000000000e+00;0.000000000000000000e+00;0.000000000000000000e+00;0.000000000000000000e+00;0.000000000000000000e+00
-4.083841618128936979e+00;-1.846824563998233248e+00;-1.707388105879279028e+00;-3.261771363476945407e+00;-1.870917409084530636e+00;-1.738707187663138587e+00
-6.782948203397067388e+00;-2.041164808732814695e+00;-1.741992270555388300e+00;-1.743065932352601655e+00;-1.749860811504992730e+00;-1.749002468036790603e+00
-5.913907299492039193e+00;-2.596698050524611112e+00;-2.450583413197988669e+00;-2.311736533308025088e+00;-2.313152330181164285e+00;-2.334533695546880949e+00
-3.760631543294678636e+00;-1.919302420901025208e+00;-2.015333987687023320e+00;-1.905145280522513751e+00;-1.976127047695096062e+00;-3.644986538838892454e+00
0.000000000000000000e+00;0.000000000000000000e+00;0.000000000000000000e+00;0.000000000000000000e+00;0.000000000000000000e+00;0.000000000000000000e+00
-2.145798859265317660e+00;-1.824583269438985855e+00;-2.020942759869166494e+00;-1.671867902373679993e+00;-1.720712997526433030e+00;-1.689337991064850275e+00
-2.671321694702809779e+00;-2.572499660113978237e+00;-2.367420803771552951e+00;-2.380821540420741123e+00;-2.371307608354376484e+00;-2.378943813482178982e+00
-2.703694222433656869e+00;-2.342060481066192246e+00;-2.395083062470023449e+00;-2.158283140215491169e+00;-2.175582532518713030e+00;-2.176220298224857963e+00
-2.526880046759734100e+00;-2.388519165452039239e+00;-2.072996986235348338e+00;-2.108950541810469037e+00;-2.160318407602925816e+00;-1.926336519154055349e+00
0.000000000000000000e+00;0.000000000000000000e+00;0.000000000000000000e+00;0.000000000000000000e+00;0.000000000000000000e+00;0.000000000000000000e+00
-2.742590393678621119e+00;-2.186928531285218025e+00;-2.148617924239341725e+00;-2.412187753024050529e+00;-2.106858479275902418e+00;-2.109312776752275909e+00
-2.227731747913061611e+00;-2.562267331763220746e+00;-1.847263460212594355e+00;-1.846885496942008320e+00;-1.972702679741599407e+00;-1.862791921003397411e+00
-2.246526390023822817e+00;-2.086621955346334545e+00;-1.855389706729545729e+00;-1.849118380051359756e+00;-1.875503147724418174e+00;-1.852941821613558471e+00
-6.607874375498408170e+00;-2.978732752299083852e+00;-3.264401456573848392e+00;-3.311184881952509151e+00;-2.960627442441598589e+00;-2.961813887803544709e+00
0.000000000000000000e+00;0.000000000000000000e+00;0.000000000000000000e+00;0.000000000000000000e+00;0.000000000000000000e+00;0.000000000000000000e+00
-2.384923105046031847e-02;-1.829408591319098276e-02;-1.671733711951340490e-02;-1.701403380875499746e-03;-2.343166763222827645e-03;-1.151725655047342901e-02
-1.239983464547063374e-01;-1.074810472145700663e-01;-6.633149882746811055e-02;-1.321795614214216555e-03;-1.173304895416637334e-03;0.000000000000000000e+00
-4.863359998084380159e-02;-1.274561330938708652e-02;-1.935832558839477909e-03;-4.784181606398998921e-03;-1.353575466170044064e-03;-1.126875844495296448e-03
-4.144069932492382147e-02;-2.530204520813947311e-02;-2.102711745012561528e-02;-1.668196811653170630e-02;-2.238278991647116301e-02;-1.392688985782549946e-02
0.000000000000000000e+00;0.000000000000000000e+00;0.000000000000000000e+00;0.000000000000000000e+00;0.000000000000000000e+00;0.000000000000000000e+00
-3.744594532595848957e+00;-2.074750182337851800e+00;-1.794240739188601053e+00;-1.842877837646416328e+00;-1.805919399918927803e+00;-1.799380717634634586e+00
-4.264126317875522432e+00;-2.772116085242333217e+00;-2.315826159331837886e+00;-2.479179431067793704e+00;-2.320505683917200912e+00;-2.322395179409331156e+00
-5.621983078883610929e+00;-3.497016625006334145e+00;-3.204187563735324762e+00;-2.930671918775795248e+00;-2.939771786479902893e+00;-2.937168208620921206e+00
-2.461286902342661342e+00;-2.160142016174338764e+00;-1.628996182123217951e+00;-1.795830031615706091e+00;-2.313334002060274841e+00;-2.145581784165177641e+00
0.000000000000000000e+00;0.000000000000000000e+00;0.000000000000000000e+00;0.000000000000000000e+00;0.000000000000000000e+00;0.000000000000000000e+00
-9.111494719438764989e+00;-2.243989174840674394e+00;-1.535279167655305699e+00;-1.537105258743163283e+00;-1.716327886732503361e+00;-1.532604789967972447e+00
-2.437442063721154906e+00;-2.206403012204376957e+00;-2.197265582269642081e+00;-2.355075904883275228e+00;-2.199834190107074150e+00;-2.393167932292933564e+00
-2.332887049156131098e+00;-2.768581054208842485e+00;-2.046275107163431528e+00;-2.573992772002092089e+00;-2.046484958238374841e+00;-2.056728339625390589e+00
-2.213075819796824995e+00;-2.856608889804717499e+00;-2.214196283975257806e+00;-2.639168726967209722e+00;-2.215754714272638815e+00;-2.645332119795933412e+00
0.000000000000000000e+00;0.000000000000000000e+00;0.000000000000000000e+00;0.000000000000000000e+00;0.000000000000000000e+00;0.000000000000000000e+00
-2.977731454224439744e+00;-3.223506870997063345e+00;-2.621302764513248285e+00;-2.701761627807386823e+00;-2.623784367750467084e+00;-2.890270592221888535e+00
-3.662026555287376528e+00;-2.077290575740283085e+00;-1.915362164441212878e+00;-1.917073117657599024e+00;-3.133632379158720838e+00;-3.512409390740138804e+00
-2.854081167194052249e+00;-2.127230234921452912e+00;-2.022072299418937291e+00;-2.021225683246724358e+00;-2.024803131003223289e+00;-2.105538923981815635e+00
-3.785230111520568652e+00;-4.223507054865942578e+00;-3.406036940285984915e+00;-4.130879085991573163e+00;-3.507171669355329868e+00;-4.106491400505888123e+00
0.000000000000000000e+00;0.000000000000000000e+00;0.000000000000000000e+00;0.000000000000000000e+00;0.000000000000000000e+00;0.000000000000000000e+00
-2.815898870220345795e-02;-3.501676070302043448e-02;-4.144554809942463738e-03;-5.752651499542606184e-03;-1.764109754759357043e-03;-1.748642230534159375e-02
-5.925002696419096049e-02;-1.129272300830598888e-02;-2.506808280470913114e-03;-6.759533440845535979e-02;-2.478582285547393897e-03;-7.366702241717644484e-02
-3.802802586248222455e-02;-1.597931203420331972e-02;-1.311959065782504832e-02;-7.662489413683385917e-03;-6.185435513946868982e-03;-1.263762570359910561e-02
-2.696764996524682670e-02;-1.589912399652503722e-02;-4.704517212507251453e-03;-8.041630510534369253e-03;-3.535641978342447811e-03;-1.810581727056844586e-02
0.000000000000000000e+00;0.000000000000000000e+00;0.000000000000000000e+00;0.000000000000000000e+00;0.000000000000000000e+00;0.000000000000000000e+00
-2.358187648353236909e+00;-2.228910291320080006e+00;-2.547640870284951120e+00;-2.025816945881345088e+00;-2.057231349539239140e+00;-2.029945594792453178e+00
-2.551212222496694437e+00;-1.594646719507054833e+00;-1.886007565484733473e+00;-1.493969609626932371e+00;-1.492794807279283154e+00;-1.496659778443482969e+00
-2.231697721076282726e+00;-2.150044386662752327e+00;-2.073547609410901771e+00;-1.997526479302409230e+00;-1.998525151421991275e+00;-1.999832116205338961e+00
-3.987593197727687944e+00;-2.053779090584280986e+00;-2.147855517781450008e+00;-1.993045820085719733e+00;-2.040471507162922471e+00;-2.013870587005019530e+00
0.000000000000000000e+00;0.000000000000000000e+00;0.000000000000000000e+00;0.000000000000000000e+00;0.000000000000000000e+00;0.000000000000000000e+00
-2.624899447397401442e+00;-2.716217210723670394e+00;-2.868112156743663377e+00;-2.577805493480662236e+00;-2.636503685053757984e+00;-2.548671826404062202e+00
-2.967117171803869802e+00;-2.491192673600351348e+00;-3.089505858200321864e+00;-2.490314123919234568e+00;-2.493221508426331390e+00;-2.490433066414376562e+00
-2.852721851324448554e+00;-3.125702251613433624e+00;-2.660995962807307436e+00;-2.747161844282734133e+00;-2.952352904546149404e+00;-2.605998955614321488e+00
-3.408279975945642803e+00;-2.436890405720658848e+00;-2.654359410790342544e+00;-2.392670982906133670e+00;-2.472608095797039773e+00;-2.397635345208642299e+00
0.000000000000000000e+00;0.000000000000000000e+00;0.000000000000000000e+00;0.000000000000000000e+00;0.000000000000000000e+00;0.000000000000000000e+00
-2.493800260712671246e+00;-2.647621210403022118e+00;-5.162395516196612633e+00;-2.501954659784582535e+00;-2.495425482667311012e+00;-2.495606641463501418e+00
-3.698512032950583617e+00;-4.304829259627828364e+00;-2.088646587346041361e+00;-2.113636351179115191e+00;-2.090014053822626838e+00;-2.089525701768851995e+00
-2.338173485923790373e+00;-2.621562469002682416e+00;-2.111491842639411587e+00;-2.066516711100648607e+00;-2.216847895452608963e+00;-2.147073395929564921e+00
-5.158232892324122965e+00;-5.644890794759973573e+00;-2.512897655382543061e+00;-3.379541727764926229e+00;-2.443146962163072367e+00;-2.318036371608957591e+00
0.000000000000000000e+00;0.000000000000000000e+00;0.000000000000000000e+00;0.000000000000000000e+00;0.000000000000000000e+00;0.000000000000000000e+00
-7.696229029133675459e-01;-8.304574621482970764e-01;-5.618339710879052262e-01;-2.068818792163030773e-01;-7.998172350381423934e-01;-7.735180868819021560e-01
-2.757243538389934079e-01;-2.361343719609436675e-01;-1.387623899587432375e-01;-1.340340957931452359e-01;-1.426785853865923659e-01;-1.423397753790184572e-01
-2.557242134082615137e-01;-1.260546985062263037e-01;-1.512675332446014320e-01;-9.471690119811053410e-02;-1.010194853951836419e-01;-2.961158136080653813e-01
-4.838603335957955554e-02;-1.561298727552759558e-02;-2.126393166469636026e-02;-2.029693327405538913e-02;-8.462463439505914231e-03;-2.717555596202132773e-02
0.000000000000000000e+00;0.000000000000000000e+00;0.000000000000000000e+00;0.000000000000000000e+00;0.000000000000000000e+00;0.000000000000000000e+00
-2.586744073442698522e+00;-2.506678289195999554e+00;-2.105458927557074311e+00;-2.869814386266176243e+00;-2.631884692233935397e+00;-2.111040097355271872e+00
-1.809812255283063998e+00;-1.822387175723805264e+00;-1.809055628879136179e+00;-1.841881251292832644e+00;-1.844218774502700997e+00;-1.823772733801074963e+00
-3.338095542290421047e+00;-2.274416344248617605e+00;-2.275052183173090103e+00;-2.272882178057082481e+00;-2.274328266143013977e+00;-2.278755393406690644e+00
-4.073783683732064453e+00;-4.462415222750873767e+00;-2.169249511095079797e+00;-3.593662882452246077e+00;-2.377634973842400967e+00;-2.412670466842775419e+00
0.000000000000000000e+00;0.000000000000000000e+00;0.000000000000000000e+00;0.000000000000000000e+00;0.000000000000000000e+00;0.000000000000000000e+00
-2.382562687943463153e+00;-2.633709728512164006e+00;-2.412194973343024351e+00;-2.534734869209460228e+00;-2.392968850764087385e+00;-2.551494996708510321e+00
-3.026643569714769555e+00;-2.755778126698062103e+00;-2.518523992333889794e+00;-2.528135489558574367e+00;-2.526015671500804416e+00;-2.586342784462660305e+00
-2.736657959512054816e+00;-2.791932398531138393e+00;-2.767408890775818975e+00;-2.588719067500981463e+00;-2.655325057333737249e+00;-2.596087397004258168e+00
-3.173983212096416207e+00;-2.416237706960421061e+00;-2.412648922029749343e+00;-2.412910590848373005e+00;-2.416740295546094597e+00;-2.447874150697017637e+00
0.000000000000000000e+00;0.000000000000000000e+00;0.000000000000000000e+00;0.000000000000000000e+00;0.000000000000000000e+00;0.000000000000000000e+00
-1.192348348302823524e+01;-2.270777175629657307e+00;-2.266740216286359022e+00;-2.267525532401931443e+00;-2.365569476661687265e+00;-2.271862025320536382e+00
-2.990455044011460117e+00;-2.325179722278305938e+00;-2.215935501070045444e+00;-2.263008164587287041e+00;-2.895625478538726316e+00;-2.220214824832744682e+00
-2.620768005063016659e+00;-2.524236522056674481e+00;-2.113019430027665457e+00;-2.359587463272242225e+00;-2.137449413591910208e+00;-2.111805587689853159e+00
-1.033537994053648568e+01;-2.891970461222916899e+00;-3.082959539510460978e+00;-2.798223944407806307e+00;-2.748842492930590797e+00;-2.755144765176697597e+00
0.000000000000000000e+00;0.000000000000000000e+00;0.000000000000000000e+00;0.000000000000000000e+00;0.000000000000000000e+00;0.000000000000000000e+00
-6.504746153910074824e-01;-2.303027958859753532e-01;-2.037566610630795749e-01;-1.451852830421405671e-01;-1.548253513018567062e-01;-1.627483743194237664e-01
-1.040639619754596817e-01;-7.406574522393397086e-02;-7.744686630176608744e-02;-9.273619321816434224e-02;-8.660371885275926218e-02;-8.202723404425579790e-02
-4.186538171608622516e-01;-2.273026313474839355e-01;-2.455703674549285231e-01;-2.674699555608052726e-01;-1.649619061498949768e-01;-2.880834852693576198e-01
-1.397687679154323848e-01;-3.026437498625535877e-02;-3.655405647332146245e-03;-2.067345912764996779e-03;-1.197433842131600742e-02;-1.041121661857198066e-01
0.000000000000000000e+00;0.000000000000000000e+00;0.000000000000000000e+00;0.000000000000000000e+00;0.000000000000000000e+00;0.000000000000000000e+00
-1.290202429858952504e+00;-1.356535692680032490e+00;-1.114836671515710309e+00;-1.322088078297702030e+00;-1.437541446729022843e+00;-1.404251143940651092e+00
-1.149606079802141689e+00;-1.772340216293267545e+00;-1.162188923927472306e+00;-1.150335238208762823e+00;-1.297545873212419654e+00;-1.315639778940072002e+00
-1.067500513680731178e+00;-1.078096197260258071e+00;-6.730904759350626598e-01;-6.727876575869089493e-01;-1.408978153672246325e+00;-1.394486627174672089e+00
-1.279409661982447322e+00;-1.598115121319960474e+00;-1.321937203272356864e+00;-1.209252438465618473e+00;-1.421527611200034347e+00;-1.499534953164460394e+00
0.000000000000000000e+00;0.000000000000000000e+00;0.000000000000000000e+00;0.000000000000000000e+00;0.000000000000000000e+00;0.000000000000000000e+00
-1.238055378963517139e+00;-1.630553531116446075e+00;-1.328179626013752390e+00;-1.254109237006368005e+00;-1.496172719859498290e+00;-1.283400803635855514e+00
-2.308948597794835411e+00;-2.634702466706759338e+00;-2.170630934297347103e+00;-1.256092382746030856e+00;-1.480546760305785803e+00;-3.107543757710388377e+00
-7.051740156932622128e-01;-1.009830225106346013e+00;-7.733204949084152569e-01;-6.859915937321652279e-01;-7.735588268204834916e-01;-9.031558044015111086e-01
-1.039765145624891307e+00;-1.176452347187917358e+00;-8.449055373638044708e-01;-8.946485310626630660e-01;-1.118609950370408335e+00;-9.562183946259373846e-01
0.000000000000000000e+00;0.000000000000000000e+00;0.000000000000000000e+00;0.000000000000000000e+00;0.000000000000000000e+00;0.000000000000000000e+00
-6.040416052186254880e+00;-3.328647981355172369e+00;-5.552996546323710980e+00;-4.965278691027934954e+00;-2.220769908881953469e+00;-7.360949829680301093e+00
-4.574927375330538837e+00;-5.196810946006639398e+00;-5.107565027472470653e+00;-1.737609010065984450e+00;-1.896434166341479433e+00;-6.382671928953977059e+00
-2.287929891428105211e+00;-1.249989951973444979e+00;-1.303760529418827030e+00;-1.620156257844471481e+00;-2.968493926727022281e+00;-1.764015866775269448e+00
-4.983821198051967549e+00;-2.589848910650262681e+00;-5.456998464363161716e+00;-2.281179344614893356e+00;-3.906586331294818137e+00;-5.034392907399896977e+00
0.000000000000000000e+00;0.000000000000000000e+00;0.000000000000000000e+00;0.000000000000000000e+00;0.000000000000000000e+00;0.000000000000000000e+00
-5.085722636879577152e-01;-3.664285709168802474e-01;-5.080501630833649251e-01;-4.941615785450890197e-01;-5.861014948129308344e-01;-5.749475158149267573e-01
-5.003743555864289538e-01;-4.723033287072386788e-01;-4.191329131997129642e-01;-4.200970996561519399e-01;-6.041183982385605056e-01;-5.039927027359352163e-01
-6.428318141895397742e-02;-3.243187738998579150e-02;-2.054197032277177079e-02;-3.577960665098332826e-02;-5.152088445878403450e-02;9.535140607638074861e-02
-1.768325748657659124e+00;-1.478985395767300925e+00;-7.237390573227847623e-01;-1.254914373633236657e+00;-2.038706125474849973e+00;-1.114357010907368606e+00
0.000000000000000000e+00;0.000000000000000000e+00;0.000000000000000000e+00;0.000000000000000000e+00;0.000000000000000000e+00;0.000000000000000000e+00
-4.140317568031651518e+00;-4.182104030215096913e+00;-2.079586367254244283e+00;-1.973802041656244288e+00;-1.716651627499018451e+00;-3.850579293923441337e+00
-6.847728658421064374e+00;-3.648391404759590007e+00;-6.485138389821234917e+00;-6.197584344537192536e+00;-2.834627277493521280e+00;-6.172815014838554326e+00
-5.714797602947394140e+00;-2.862135608138210330e+00;-5.617868269534080028e+00;-2.164395358347220188e+00;-2.354613074138481643e+00;-2.314371815406003119e+00
-3.336138055823513859e+00;-3.434304800908939193e+00;-2.953594693044784059e+00;-2.458303640771771548e+00;-2.819818971653453854e+00;-3.810528566063833722e+00
0.000000000000000000e+00;0.000000000000000000e+00;0.000000000000000000e+00;0.000000000000000000e+00;0.000000000000000000e+00;0.000000000000000000e+00
-8.610567625429371930e+00;-2.455342518980893729e+00;-5.396491814372001983e+00;-5.587727980821140861e+00;-9.507934797815050132e+00;-2.240643107501743891e+00
-3.174308780407482544e+00;-2.355312149808089117e+00;-3.206147485490633553e+00;-2.220195604935771616e+00;-2.219385655996032547e+00;-2.223945006764140864e+00
-2.711484893332243296e+00;-2.784718765818682051e+00;-2.990908240978415122e+00;-2.759314946871000984e+00;-2.910005040516348895e+00;-3.571444859946984351e+00
-2.277455260945364657e+00;-1.881002783922550048e+00;-1.916214829979834722e+00;-2.133627884062245794e+00;-2.424888906311800429e+00;-2.092315048362145991e+00
0.000000000000000000e+00;0.000000000000000000e+00;0.000000000000000000e+00;0.000000000000000000e+00;0.000000000000000000e+00;0.000000000000000000e+00
-1.980251274743653367e+00;-2.521168004038898403e+00;-2.137378063802935824e+00;-1.978873571283608523e+00;-2.861806272932445161e+00;-2.582091705713378538e+00
-2.180773735897380661e+00;-2.594315509062445013e+00;-1.631930460065083466e+00;-1.655499563749649905e+00;-2.777033122645146790e+00;-2.482671685986486132e+00
-1.921813373583183271e+00;-2.189588042584037719e+00;-1.643674149047188449e+00;-1.490219982417254174e+00;-2.120872202097916936e+00;-1.776448925181939975e+00
-5.783660067855428188e+00;-3.328384099807093932e+00;-6.420344470713217788e+00;-3.365539050204217730e+00;-3.307121545082199354e+00;-3.084013065061955494e+00
0.000000000000000000e+00;0.000000000000000000e+00;0.000000000000000000e+00;0.000000000000000000e+00;0.000000000000000000e+00;0.000000000000000000e+00
-2.068548587222221111e-02;-2.248857902847517867e-02;-1.637470684647416089e-02;-1.002266606195366047e-02;-6.374629348272689046e-03;0.000000000000000000e+00
-1.243219928610728442e-01;-9.819976991867047922e-03;-4.212349985770319494e-02;-8.448780274905177967e-03;-1.129598400450105150e-01;-1.215101830401823894e-02
-3.727572359100952970e-02;-5.693482293985234304e-03;-1.841727256187630432e-02;-9.574753942771959542e-03;0.000000000000000000e+00;-4.718542917829754435e-02
-2.909630811390750277e-02;-3.489453446924753455e-02;-1.531814051811251735e-02;-1.806882782064045401e-02;-1.862247187341907126e-02;-5.161490633595515812e-03
0.000000000000000000e+00;0.000000000000000000e+00;0.000000000000000000e+00;0.000000000000000000e+00;0.000000000000000000e+00;0.000000000000000000e+00
-4.293974201924708467e+00;-3.628992204104510400e+00;-4.258771791475073343e+00;-2.844260108284109023e+00;-4.712307869726664933e+00;-4.105384161031271795e+00
-6.750097142885982393e+00;-2.582471613981052627e+00;-6.990787515253652273e+00;-5.070720709264231019e+00;-5.192308685457439843e+00;-3.657992751639739026e+00
-5.490964936564901144e+00;-5.526060506859343135e+00;-5.269164880879360524e+00;-2.533697934187499001e+00;-5.714342772113656821e+00;-5.136436197300387363e+00
-2.652592539558434659e+00;-2.875903861956182972e+00;-2.594349639341783309e+00;-2.689199149862616878e+00;-2.989547018417393787e+00;-2.922799692389676629e+00
0.000000000000000000e+00;0.000000000000000000e+00;0.000000000000000000e+00;0.000000000000000000e+00;0.000000000000000000e+00;0.000000000000000000e+00
-8.921888030166226002e+00;-5.449759555085472940e+00;-1.490543446785462800e+00;-8.143212182972412450e+00;-1.074719015060859384e+01;-1.493973189315536132e+00
-2.524171910682525333e+00;-2.276781028790082928e+00;-1.946451079026195297e+00;-2.939671610133057111e+00;-2.568949266189378466e+00;-1.953531058076125593e+00
-3.703861571049533730e+00;-2.626690012478884562e+00;-2.515147546385978483e+00;-3.044453040117896414e+00;-2.627553059312695893e+00;-2.821482392632822300e+00
-2.650264745118692034e+00;-3.198986649233817481e+00;-2.360024435103367235e+00;-2.963595549813796026e+00;-2.389392685103733704e+00;-2.887501653023797576e+00
0.000000000000000000e+00;0.000000000000000000e+00;0.000000000000000000e+00;0.000000000000000000e+00;0.000000000000000000e+00;0.000000000000000000e+00
-2.139906142265054267e+00;-3.072132725885397875e+00;-2.167073000727261167e+00;-2.201246082604691789e+00;-3.151344954329409198e+00;-2.148016029381145220e+00
-3.727647663927774246e+00;-3.719603066828825355e+00;-2.958233501893730022e+00;-1.822315566030257239e+00;-4.567910421815099653e+00;-2.015452313303499388e+00
-2.433969838745521308e+00;-2.581624814151044944e+00;-1.905860245299830780e+00;-2.261705862543845758e+00;-3.187041798489327782e+00;-2.408116352096949520e+00
-5.571408134633177411e+00;-4.177091972244283191e+00;-4.257242396981230748e+00;-4.638180892508517061e+00;-5.125658462955153816e+00;-5.626071165735174517e+00
0.000000000000000000e+00;0.000000000000000000e+00;0.000000000000000000e+00;0.000000000000000000e+00;0.000000000000000000e+00;0.000000000000000000e+00
-1.357968881578056411e-02;-2.581352158612331901e-02;-2.811301192091608669e-02;-1.844078002809405176e-02;-4.035680883185290674e-04;-9.437147210786424670e-03
-9.882446268011235713e-02;-5.601560413772372488e-02;-9.975831712095665094e-04;-1.262898199746316638e-03;-5.431570558466463326e-03;-2.795400934399298876e-02
-4.066777332253470462e-02;-1.396102374170885528e-02;-3.373285750475285560e-02;-1.289895832502935616e-02;-4.142387577226010198e-02;-3.201900909514538568e-02
-3.453185277560651134e-02;-1.922063851487344072e-02;-5.029753167540781250e-03;-1.073339612715842016e-02;-2.532617323014976773e-02;-9.360593467769500603e-03
0.000000000000000000e+00;0.000000000000000000e+00;0.000000000000000000e+00;0.000000000000000000e+00;0.000000000000000000e+00;0.000000000000000000e+00
-1.923527000318241420e+00;-3.180255669957989362e+00;-1.872120774829914902e+00;-1.869768295325645813e+00;-1.927385362428144067e+00;-2.222695974275138653e+00
-2.514710103478963177e+00;-2.264535043395333958e+00;-2.300686452514174363e+00;-2.215321209271222891e+00;-2.494444035766781198e+00;-2.533772339439730459e+00
-2.718187401373586276e+00;-2.292650602449742614e+00;-3.149991258964961904e+00;-2.083325951937601950e+00;-2.119095150051805376e+00;-2.124395824152565559e+00
-3.950550193901306351e+00;-2.354176783031707743e+00;-3.385266639403435640e+00;-2.905819542853971704e+00;-5.776497564579269550e+00;-4.253447908187276028e+00
0.000000000000000000e+00;0.000000000000000000e+00;0.000000000000000000e+00;0.000000000000000000e+00;0.000000000000000000e+00;0.000000000000000000e+00
-2.006923701015805417e+00;-3.084693790880623787e+00;-2.061575912839003433e+00;-2.189363758354158307e+00;-2.011613055919053927e+00;-2.474495237452353447e+00
-2.377263092371195707e+00;-2.994129853482467407e+00;-2.554661752724740609e+00;-2.258011705566243421e+00;-2.317620451056377817e+00;-2.328257008535990380e+00
-2.519894793764925645e+00;-3.634378657279207392e+00;-2.626108060564172675e+00;-2.405967408711050304e+00;-3.153478820757564360e+00;-3.099131264626475701e+00
-2.960670712280042416e+00;-2.694662322722209957e+00;-4.265676134093766336e+00;-2.162295983141826916e+00;-2.284504511027964035e+00;-2.165669156189253819e+00
0.000000000000000000e+00;0.000000000000000000e+00;0.000000000000000000e+00;0.000000000000000000e+00;0.000000000000000000e+00;0.000000000000000000e+00
-8.830713111870323928e+00;-5.406313264151909159e+00;-9.819520247983966499e+00;-3.016139948363589784e+00;-3.542227573805543095e+00;-3.038375306390265429e+00
-3.246102315614963096e+00;-3.798074217378553996e+00;-3.761708840507121288e+00;-2.361839681569096960e+00;-3.251326067780439644e+00;-3.951384220843691342e+00
-2.007249660679835568e+00;-1.988885850476230122e+00;-1.984316735613771421e+00;-1.843948106406816834e+00;-1.918682809450856563e+00;-2.049374033090161085e+00
-6.117806484276258061e+00;-5.046169364683757763e+00;-2.200410279904216004e+00;-2.248931870806389455e+00;-4.739640922291806113e+00;-1.809231649311121792e+00
0.000000000000000000e+00;0.000000000000000000e+00;0.000000000000000000e+00;0.000000000000000000e+00;0.000000000000000000e+00;0.000000000000000000e+00
-2.010714939939718615e+00;-1.065335632859783610e+00;-6.104015655917578442e-01;-5.108785120857397555e-01;-1.599191767717912160e+00;-5.120105852733981555e-01
-9.406201268523290970e-01;-5.177471190474327578e-01;-7.741295658639832933e-01;-1.050856986078623434e+00;-5.673629316313723026e-01;-4.705161317214431871e-01
-4.209818146353568658e+00;-3.719440671588161162e-01;-2.157556553597399951e+00;-2.674681788674866945e-01;-3.103365868615363121e-01;-3.485898542991112681e-01
-6.547722327628222039e-02;-3.612483923521457585e-02;-2.963540452501669392e-02;-3.597815302514954794e-02;-3.630137076744666819e-02;1.016861163636599043e-03
0.000000000000000000e+00;0.000000000000000000e+00;0.000000000000000000e+00;0.000000000000000000e+00;0.000000000000000000e+00;0.000000000000000000e+00
-2.213502600981493984e+00;-2.969124528435485910e+00;-1.616740596336846192e+00;-1.801869802883717231e+00;-2.542016151638472277e+00;-2.427894924543402055e+00
-1.836282031360305877e+00;-1.374048120443242427e+00;-1.272591112880220532e+00;-2.371819925857565181e+00;-2.011786710065197603e+00;-1.597167924147845586e+00
-2.836714742743062345e+00;-2.958256686059956841e+00;-2.733176558865391570e+00;-2.733274065281278808e+00;-2.762702566243531166e+00;-3.270080714425503743e+00
-6.125674222188457030e+00;-3.666756077334164310e+00;-2.024589807781888240e+00;-3.728628980108674718e+00;-6.707228015422057155e+00;-4.155813330203745437e+00
0.000000000000000000e+00;0.000000000000000000e+00;0.000000000000000000e+00;0.000000000000000000e+00;0.000000000000000000e+00;0.000000000000000000e+00
-2.584875465748477374e+00;-2.505328323207205443e+00;-2.234720869253035147e+00;-2.872964885715385996e+00;-2.309418710115735074e+00;-2.303367948135853549e+00
-2.325679956045217267e+00;-3.584079860644903803e+00;-2.063435678031270371e+00;-2.251022541331328064e+00;-2.368296600214669922e+00;-2.315635074225993240e+00
-2.418488447886607773e+00;-2.172990718723959880e+00;-2.550755366531521240e+00;-2.405602647995162435e+00;-2.409015744333041997e+00;-2.129442944574421404e+00
-2.949817582339472555e+00;-2.664464224179587060e+00;-4.045108279348136548e+00;-2.960595062907040553e+00;-3.212744895240273735e+00;-2.668646745912425455e+00
0.000000000000000000e+00;0.000000000000000000e+00;0.000000000000000000e+00;0.000000000000000000e+00;0.000000000000000000e+00;0.000000000000000000e+00
-1.278815467684202467e+01;-1.170780212183641922e+01;-1.200570855359441680e+01;-9.259823237280478736e+00;-1.575387362280002712e+01;-6.812833101539114367e+00
-4.844010296548053596e+00;-3.066967928712835523e+00;-2.288572444208044399e+00;-4.180145688473272614e+00;-2.906618701035293295e+00;-2.321899739616544611e+00
-2.061527999038485159e+00;-2.142062379383267157e+00;-1.911605883332750500e+00;-2.141220108407191791e+00;-1.907489188841256844e+00;-2.143629170786590432e+00
-8.862929837234938546e+00;-8.392170257390954902e+00;-6.660389446335431174e+00;-6.693650834040704822e+00;-3.563242573424475701e+00;-1.094849146073475943e+01
0.000000000000000000e+00;0.000000000000000000e+00;0.000000000000000000e+00;0.000000000000000000e+00;0.000000000000000000e+00;0.000000000000000000e+00
-7.324946654944934910e-01;-6.732234353976201957e-01;-3.362682446728268437e-01;-3.241977461067876431e-01;-6.243014463383784740e-01;-4.066913404564014289e-01
-6.289056978168593437e-01;-1.407343094317803911e-01;-1.221354997043079538e-01;-1.238721032578973258e-01;-6.182192894849117826e-01;-1.369220345476008793e-01
-1.785730162822134037e+00;-4.763425046054315937e-01;-1.083450546338127485e-01;-1.289148689160306005e-01;-5.277041301485212443e-01;-4.244672088729096737e-01
-1.400827281367799659e-01;-9.192871857464769703e-02;-9.784801165368584019e-02;-5.762564368783899826e-02;-1.219592920074818176e-01;-1.002677783631441832e-01
