0.000000000000000000e+00;0.000000000000000000e+00;0.000000000000000000e+00;0.000000000000000000e+00;0.000000000000000000e+00;0.000000000000000000e+00
-1.511216442420138151e+01;-1.443685189072257558e+01;-1.497977107967906996e+01;-1.469757944589378873e+01;5.138015959440778602e+00;-1.717273451023069697e+01
4.973712245697783918e-01;2.150717099257416720e+00;1.541892043090843378e+00;1.827050388105577516e+00;8.946342576629284338e+00;-1.199206137170195641e+00
-8.819056767300136102e+00;-8.255229712844315060e+00;-8.760720865561900439e+00;-8.603524756340179991e+00;3.167026216777499403e+00;-1.094184188897163423e+01
-1.907735138774548034e+01;-1.892325566435631146e+01;-1.595642505118281029e+01;-1.886600477482462779e+01;-2.220638397924026819e+01;-2.264233146359256921e+01
0.000000000000000000e+00;0.000000000000000000e+00;0.000000000000000000e+00;0.000000000000000000e+00;0.000000000000000000e+00;0.000000000000000000e+00
-1.863822736797012070e+01;-1.681119221119622509e+01;-1.342841885777289690e+01;-1.672431593235663883e+01;-1.771451319059896790e+01;-1.738040790791704993e+01
-5.267836787163452605e+00;-1.026876355476369440e+01;-1.014816639636257278e+01;-1.025336686497538530e+01;-1.132378887262226819e+01;-1.309949344282713923e+01
-8.822136191629763147e+00;-1.774720336334950588e+01;-1.799421710636978489e+01;-1.739811734861446979e+01;-1.902516938402495228e+01;-1.985646279102080669e+01
-1.475499533637199612e+01;-2.276753427094496018e+01;-2.299366736974564063e+01;-2.314541963829994486e+01;-2.912377105882390538e+01;-2.929874022910410147e+01
0.000000000000000000e+00;0.000000000000000000e+00;0.000000000000000000e+00;0.000000000000000000e+00;0.000000000000000000e+00;0.000000000000000000e+00
-1.179167250775508080e+01;-1.768493675238398666e+01;-1.792792573486046237e+01;-1.796617000536840436e+01;-2.023557918935730626e+01;-1.861218187787103773e+01
-1.418767615584305375e+01;-1.906905722890767052e+01;-1.965923211076646382e+01;-1.904280772082923789e+01;-2.206959733656011124e+01;-2.233515096367377240e+01
-1.381799488675649457e+01;-2.059789295409829890e+01;-2.076148404081386190e+01;-2.056854906196015165e+01;-2.627320153427529448e+01;-2.466921289822665031e+01
-1.543810449791119233e+01;-1.837323434694614477e+01;-1.840435952392860131e+01;-1.837566457619265137e+01;-2.125979330256710043e+01;-2.311527652752351969e+01
0.000000000000000000e+00;0.000000000000000000e+00;0.000000000000000000e+00;0.000000000000000000e+00;0.000000000000000000e+00;0.000000000000000000e+00
5.539332722655958996e+00;7.616756434445878021e+00;6.069314589574273278e+00;7.030508860936125259e+00;3.710759732706432334e+00;1.999999999999778666e+01
-1.210850028632001063e+01;-1.005297904381572138e+01;6.714416359201133666e+00;-1.000404332696382426e+01;-1.268731615379075350e+01;-1.008757533246030036e+01
1.089276179546604695e+01;3.018387691839107934e+00;1.500985977963783302e+00;2.748782016451722487e+00;-2.875926041437037450e-01;2.378207812293890111e+00
-8.197454718240420490e+00;-2.114688566851461893e+00;4.633609736815661684e+00;-3.757754959984866971e+00;-6.129958985159728257e+00;-2.818514103581361674e+00
0.000000000000000000e+00;0.000000000000000000e+00;0.000000000000000000e+00;0.000000000000000000e+00;0.000000000000000000e+00;0.000000000000000000e+00
-2.000456881560498346e+01;-1.887178974852839275e+01;-1.907188382516273606e+01;-5.558384447728039746e+00;-2.249904097799647218e+01;-2.302424398618489931e+01
-4.661096014722742709e+00;-2.880095938826020774e+00;-1.478122356601397902e-01;7.135551819034631649e+00;-2.659145739868089109e+00;-2.474609646195203627e+00
-1.324156065045360187e+01;-1.286505448157864429e+01;-1.325582469092341853e+01;-3.531568281560329758e+00;-1.508758141222514837e+01;-1.447219261085482422e+01
-1.376558687413580273e+01;-1.977775315147331270e+01;-1.982574004935802847e+01;-2.010242674689329334e+01;-2.368239628971173261e+01;-2.386075760699918291e+01
0.000000000000000000e+00;0.000000000000000000e+00;0.000000000000000000e+00;0.000000000000000000e+00;0.000000000000000000e+00;0.000000000000000000e+00
-1.065224347674690364e+01;-1.855478448506969968e+01;-2.075171066706698042e+01;-1.965215602829040975e+01;-1.887821941144021309e+01;-2.015499222190074136e+01
-1.517106002501251538e+01;-9.519311069368431077e+00;-7.664462870197708000e+00;-6.054123668869957342e+00;-8.542718221421051084e+00;-9.672137022869495837e+00
-1.400305182961681894e+01;-1.682938635250294723e+01;-1.737645716924230754e+01;-1.692983563471166519e+01;-2.260412720989159041e+01;-2.221084208406190186e+01
-2.402999834232675269e+01;-2.228388558652340379e+01;-2.226646463417071686e+01;-1.776709680687237025e+01;-2.695086953023049858e+01;-2.737451258083358852e+01
0.000000000000000000e+00;0.000000000000000000e+00;0.000000000000000000e+00;0.000000000000000000e+00;0.000000000000000000e+00;0.000000000000000000e+00
-1.459505688800944334e+01;-1.836409821507969653e+01;-1.851793851372750410e+01;-1.922662622296506996e+01;-2.513441798307483310e+01;-2.280623013276637678e+01
-2.308608750641439045e+01;-1.978293472572369183e+01;-1.984094647781612863e+01;-1.703170773529112125e+01;-2.309763648295078298e+01;-2.240981155206531383e+01
-2.146433245422506531e+01;-2.147932005007802303e+01;-2.127826577408679043e+01;-1.813179378652730023e+01;-2.754044824262319224e+01;-2.692195109877497572e+01
-1.468936862295650592e+01;-1.768290692184539381e+01;-1.764376843171491416e+01;-1.903734834164197665e+01;-2.330693438575894660e+01;-2.201257250834832746e+01
0.000000000000000000e+00;0.000000000000000000e+00;0.000000000000000000e+00;0.000000000000000000e+00;0.000000000000000000e+00;0.000000000000000000e+00
3.939633433033175702e+00;4.852538936332321917e+00;4.631834236562643703e+00;1.759861558352910293e+01;1.808032363422333644e+00;1.841983181958713800e+00
8.739151552879855345e+00;-4.802545266225007659e+00;-4.754901570342774164e+00;-4.958569592946632021e+00;-6.634194093380827439e+00;-6.315370459246532953e+00
-1.146831504885983621e+00;-4.613492274001238513e-01;-4.559759002072655831e-01;4.493455625057563907e+00;-4.945975430679717677e-01;-6.279450541662383589e-01
6.338038376950264841e+00;3.144106576212691850e-01;1.695693023627904972e-01;-1.405703227578502856e+00;-2.311605389794697096e+00;-2.046540836702267274e+00
0.000000000000000000e+00;0.000000000000000000e+00;0.000000000000000000e+00;0.000000000000000000e+00;0.000000000000000000e+00;0.000000000000000000e+00
-2.297991920416009037e+01;-2.230447218791833919e+01;-2.168503639971528685e+01;-2.122988726077019095e+01;-2.744161503439086758e+01;-2.812449801561596985e+01
-2.604598782495219478e+00;-7.977257181398107022e+00;-1.164812422023570093e+01;-1.325138541697775452e+01;-1.284825105872673490e+01;-1.127198055591452608e+01
-9.210235411268406835e+00;-1.529741957613837400e+01;-1.666001491422408165e+01;-1.523061656441882583e+01;-1.708124346181092434e+01;-1.921959983243316827e+01
-1.914617672598369325e+01;-1.894582399440368548e+01;-1.697384197821052254e+01;-1.968598420554405592e+01;-2.340925346536320717e+01;-2.351449359424281482e+01
0.000000000000000000e+00;0.000000000000000000e+00;0.000000000000000000e+00;0.000000000000000000e+00;0.000000000000000000e+00;0.000000000000000000e+00
-1.751562707110651829e+01;-1.631579203348964313e+01;-1.177395996046448268e+01;-1.621862030971094271e+01;-2.127549433511987687e+01;-2.133636933322285500e+01
-1.263760439370921418e+01;-2.668419423627138798e+00;1.349619964463120159e+00;-5.909421749435518123e+00;-6.796371332286633482e+00;-1.263613365281086409e+01
-7.673235850952813131e+00;-2.047069419437575988e+01;-2.095109615837143124e+01;-2.055221844475266124e+01;-2.367060733856705212e+01;-2.292826299993372885e+01
-1.004711033267749976e+01;-2.360894949972807311e+01;-2.366915858021227592e+01;-2.357840631635280459e+01;-2.970417843004348057e+01;-2.949688349717349212e+01
0.000000000000000000e+00;0.000000000000000000e+00;0.000000000000000000e+00;0.000000000000000000e+00;0.000000000000000000e+00;0.000000000000000000e+00
-7.032100440258432172e+00;-1.898222007119390042e+01;-2.071499723921856884e+01;-1.884353204141140381e+01;-2.285511240063355487e+01;-2.253512381935015441e+01
-2.115322345322953979e+01;-1.958531635972315144e+01;-1.466747560342065171e+01;-1.955935824276926027e+01;-2.149084545689753156e+01;-2.265070552360582923e+01
-2.157786819439630932e+01;-2.099882382017419502e+01;-1.956371093080383261e+01;-2.077501316780447738e+01;-2.619803801232745855e+01;-2.661036093982482953e+01
-2.303245510220207493e+01;-1.688924579509934532e+01;-1.357496179476360965e+01;-1.692372832692269213e+01;-2.273462354662695262e+01;-2.232700527763592646e+01
0.000000000000000000e+00;0.000000000000000000e+00;0.000000000000000000e+00;0.000000000000000000e+00;0.000000000000000000e+00;0.000000000000000000e+00
1.074720412306080597e+01;-2.116352691828399468e+00;-2.176372167417487180e+00;-1.810327702422080742e+00;-5.057287310472585951e+00;-3.971889657306464816e+00
-1.389431974686585969e+00;-7.023961891301616633e-01;5.356619272354078198e+00;-1.061481718796610130e+00;-6.240006446646955141e-01;-9.225562140964256308e-01
3.284312799847074693e+00;-1.127158182101825723e+00;-4.081689049567338023e-01;-2.996772346418385968e-01;-1.264486352885924481e+00;-1.492403608817250094e+00
-3.288405527455836586e-01;-9.611359903000846194e-02;4.548265728395571195e+00;1.091186430649057626e-01;-7.582637798771058035e-02;-1.678307709176624640e-01
0.000000000000000000e+00;0.000000000000000000e+00;0.000000000000000000e+00;0.000000000000000000e+00;0.000000000000000000e+00;0.000000000000000000e+00
-1.613457880059676697e+01;-2.162705374205046382e+01;-2.190667138491055965e+01;-2.174507198182913115e+01;-2.480897211193585505e+01;-2.345478665398035645e+01
-9.612638219387344307e+00;-6.056893150175017837e+00;-4.336646147606725066e+00;-1.140119185084481224e+01;-9.530633235721129637e+00;-1.173586093853044865e+01
-9.096581720636601531e+00;-1.797393897815681640e+01;-2.309208995399409048e+01;-1.885536784360857965e+01;-1.886048227293762380e+01;-1.852810828606828508e+01
-1.788370073224843182e+01;-1.782181367011386186e+01;-5.945083672391271001e+00;-1.808237016653381346e+01;-1.844279064457865758e+01;-1.856830607453681026e+01
0.000000000000000000e+00;0.000000000000000000e+00;0.000000000000000000e+00;0.000000000000000000e+00;0.000000000000000000e+00;0.000000000000000000e+00
-1.634431097969078195e+01;-1.597850920649945827e+01;-4.060045601257292525e+00;-1.636420394360745334e+01;-1.703906587179479359e+01;-1.692623708457128728e+01
-1.180927587652375932e+00;-5.189123160000002066e+00;5.228173131428821563e+00;-8.712644315307130682e+00;-6.328431880519701735e+00;-3.776733534002912229e+00
-1.929214508628083635e+01;-1.927722393356654607e+01;-1.934239424602862201e+01;-1.083174664428593026e+01;-1.967368363186553637e+01;-1.980306600642305881e+01
-2.396902080673746482e+01;-2.358384243779741496e+01;-2.350344942591292252e+01;-1.192648026570678965e+01;-2.831541616113545246e+01;-2.797511898821522536e+01
0.000000000000000000e+00;0.000000000000000000e+00;0.000000000000000000e+00;0.000000000000000000e+00;0.000000000000000000e+00;0.000000000000000000e+00
-2.320403341106312567e+01;-1.807317167622476362e+01;-1.820802824781321050e+01;-8.093050297436750640e+00;-2.099484607995271901e+01;-2.031804564499492471e+01
-9.852282008299896532e+00;-2.027932917530179679e+01;-2.055382838596611350e+01;-2.047820900187234017e+01;-2.437215490203952584e+01;-2.119918083752821047e+01
-2.417151711380574497e+01;-2.185758284511408789e+01;-1.415663988802675810e+01;-2.196956589828834439e+01;-2.446870405703074525e+01;-2.391932574409459278e+01
-9.551628640308274854e+00;-1.837291857121551431e+01;-1.822061857206036350e+01;-1.819173245452991594e+01;-1.941531658986325581e+01;-1.900586279248167898e+01
0.000000000000000000e+00;0.000000000000000000e+00;0.000000000000000000e+00;0.000000000000000000e+00;0.000000000000000000e+00;0.000000000000000000e+00
-6.430132906013612093e+00;-6.770874205512443567e+00;-7.172384879672587310e+00;8.671065269995711589e+00;-7.850573374729714615e+00;-8.293628826237144480e+00
2.271852449748094749e+00;2.968510371246226853e+00;1.766228039224582957e+01;1.917294853975794355e+00;8.412849762436562795e-01;7.509979140234487316e-01
4.961845094001033019e+00;-7.383190915381719899e-01;-5.496623257402299956e-01;-5.102999325769961292e-01;-4.283503324155472747e+00;-3.159904835057474770e+00
1.058623115383775826e+01;2.356751211926515488e+00;2.208505438347382555e+00;1.881723041638009741e+00;-3.656827003302211554e-01;-2.723902332237073676e-01
0.000000000000000000e+00;0.000000000000000000e+00;0.000000000000000000e+00;0.000000000000000000e+00;0.000000000000000000e+00;0.000000000000000000e+00
-1.872093410719505968e+01;-2.173492016837614216e+01;-2.182676918261364207e+01;-2.505256943974061912e+01;-2.633314721853131246e+01;-2.629636752171209935e+01
-2.268256696439818310e+00;-4.882906993079213720e+00;-5.272353461901137628e+00;-1.221663353700577481e+01;-5.948657006974790384e+00;-9.801152694563528556e+00
-1.974682878861146662e+01;-1.421386199811649576e+01;-1.428401578498623081e+01;-1.065598044251668064e+01;-1.795658718966809175e+01;-1.582874988731933996e+01
-1.672740486973367524e+01;-1.619629127874616259e+01;-1.579950519241284823e+01;-1.832416756180001727e+01;5.148512350810546145e+00;-2.080084770182198639e+01
0.000000000000000000e+00;0.000000000000000000e+00;0.000000000000000000e+00;0.000000000000000000e+00;0.000000000000000000e+00;0.000000000000000000e+00
-1.215069480118834377e+01;-1.061850761633161078e+01;-1.055571570084505062e+01;-1.124922625054009551e+01;1.769620335786444398e+00;-1.332535698679411063e+01
-6.757703540034813994e-01;-4.089797735895506769e-01;4.902558459514603229e-01;6.243138017643055232e-02;6.835278714891235730e+00;-2.496026916212994884e+00
-2.225343133431255893e+01;-2.068556674877418544e+01;-2.140257338803264275e+01;-1.877461333479513783e+01;-2.519842157124094584e+01;-2.641340278089935012e+01
-2.445696161299698801e+01;-2.408878435763652348e+01;-2.410766836665539259e+01;-2.027788690837973107e+01;-3.031917022582307908e+01;-3.048421078214281721e+01
0.000000000000000000e+00;0.000000000000000000e+00;0.000000000000000000e+00;0.000000000000000000e+00;0.000000000000000000e+00;0.000000000000000000e+00
-2.010079970394146898e+01;-1.949047142288316081e+01;-1.957796767281121575e+01;-9.295367936865510217e+00;-2.336191797213183463e+01;-2.392526431743527127e+01
-2.002627545026129496e+01;-2.006570320319952572e+01;-2.027188233161123065e+01;-1.650510712143867664e+01;-2.452817157131880066e+01;-2.381429354196271930e+01
-1.082449134959390236e+01;-2.275792800928189408e+01;-2.287212870255246600e+01;-2.287098641693653889e+01;-2.886112857950111987e+01;-2.863381683821973311e+01
-1.793758771610100311e+01;-1.804345363599917107e+01;-1.813050627354139266e+01;-1.451448583042478369e+01;-1.939155645485680424e+01;-2.350900788146613962e+01
0.000000000000000000e+00;0.000000000000000000e+00;0.000000000000000000e+00;0.000000000000000000e+00;0.000000000000000000e+00;0.000000000000000000e+00
-1.082354351574238471e+01;-1.038540513932409226e+01;-1.064629125251749819e+01;6.787110793065886050e+00;-1.298884382428672168e+01;-1.151639424036613768e+01
4.378418469522419976e+00;6.308056712261976173e+00;5.125688705126159483e+00;4.714962451259203213e+00;2.530529545557228310e+00;1.999999999385433824e+01
-7.082646577341904504e+00;-4.199414677034210008e+00;-4.220705300739602706e+00;3.224232080133735412e+00;-7.108818997600031331e+00;-4.393798752840532451e+00
1.108006076863161438e+00;1.039942754215430254e+00;1.431755992208579409e+00;8.608364177865132305e+00;-1.404305446072894981e+00;5.380315400152538841e-01
0.000000000000000000e+00;0.000000000000000000e+00;0.000000000000000000e+00;0.000000000000000000e+00;0.000000000000000000e+00;0.000000000000000000e+00
-1.671212906525905595e+01;3.477671916991984524e+00;-1.698095851837734216e+01;-1.629473647632735478e+01;-1.866941953354166728e+01;-1.836243282808074895e+01
-3.048977003786394135e+00;6.858923491018208196e+00;-6.369797151274788405e+00;-6.670952298221534349e+00;-6.026880562525334994e+00;-6.135173621909475017e+00
-1.292460777121461568e+01;1.694482300380812045e+00;-1.238851129053311162e+01;-1.023645139108785607e+01;-1.185067773846280303e+01;-1.217405728832173750e+01
-1.383573663316165181e+01;-1.798539419260431060e+01;-1.830785673773520017e+01;-1.798234278942448938e+01;-1.818572878237115376e+01;-1.827069698748980997e+01
0.000000000000000000e+00;0.000000000000000000e+00;0.000000000000000000e+00;0.000000000000000000e+00;0.000000000000000000e+00;0.000000000000000000e+00
-1.464042911339402231e+01;-2.346242278399563830e+01;-6.063766190606757256e+00;-1.452338175243895613e+01;-1.643800769113501659e+01;-1.516126941229341796e+01
-7.761083434765677858e+00;-1.165983883397861298e+01;-2.447068518441223084e+00;-8.562661403442028529e+00;-1.165610294275367664e+01;-1.012315435574614142e+01
9.530529795675595217e-01;-1.603726223569469411e+01;-1.611324061918928408e+01;-1.589865507223218444e+01;-1.663824069256565608e+01;-1.655549023960866606e+01
-2.441626642037046935e+00;-2.156375241505844897e+01;-2.214800674876378039e+01;-2.100278368026548748e+01;-2.459809372182758835e+01;-2.503669916802531148e+01
0.000000000000000000e+00;0.000000000000000000e+00;0.000000000000000000e+00;0.000000000000000000e+00;0.000000000000000000e+00;0.000000000000000000e+00
-3.629213685947604517e+00;-1.652760283228593607e+01;-1.647722395314572807e+01;-1.819616949948786555e+01;-1.753426934525326075e+01;-1.799098479653552829e+01
-1.252913613883495714e+01;-1.984514676345311557e+01;-1.994708549026407951e+01;-1.975844268149788618e+01;-2.460265304648703477e+01;-2.086327468432560650e+01
-6.227162354671063937e+00;-2.182691498706309119e+01;-2.187647494582555652e+01;-2.179101533063151308e+01;-2.494397044015739340e+01;-2.307580331598487433e+01
-1.770182849594296570e+01;-1.719914128338888659e+01;-9.976776070041438516e+00;-1.711454914647837455e+01;-1.763560782265810190e+01;-1.962732879471240111e+01
0.000000000000000000e+00;0.000000000000000000e+00;0.000000000000000000e+00;0.000000000000000000e+00;0.000000000000000000e+00;0.000000000000000000e+00
2.310463403111914893e+00;1.761769182945562306e+01;1.862365957381582282e+00;2.063707132923727094e+00;1.428341346304596582e-01;3.015381545635137939e-01
-5.659859345074519155e+00;-5.455690742222450318e+00;8.692224579758379477e+00;-5.105385249820561633e+00;-6.594654925985578231e+00;-6.787123197885158277e+00
1.306330585638993291e+01;4.611078101372798166e+00;4.312243799600875782e+00;5.777930133699733517e+00;1.005116428061824330e+00;8.125157967629778044e-01
-3.232519714584337400e+00;2.827201246799013190e-01;-5.922566866124790330e+00;-4.696335705382016279e+00;-3.471760421901805227e+00;-4.780353236888215562e+00
0.000000000000000000e+00;0.000000000000000000e+00;0.000000000000000000e+00;0.000000000000000000e+00;0.000000000000000000e+00;0.000000000000000000e+00
-1.803440832377535230e+01;-1.013973596658421705e+01;-1.800311516108169130e+01;-1.786150875005170846e+01;-1.811959022356516513e+01;-1.810203782339889855e+01
-5.735978159708236213e+00;5.315075178113741750e+00;-6.123360690687673191e+00;-4.329754414665511142e+00;-2.726863381070899983e+00;-6.954262698035905466e+00
-1.141685884684978447e+01;-1.076187707899699397e+01;-1.246714560014625306e+01;2.041092624335142380e-01;-1.297941578038934374e+01;-1.316329073199945476e+01
-8.653010194807276179e+00;-1.748766108558755406e+01;-1.744648009973628433e+01;-1.738290945635234053e+01;-1.764109579994779509e+01;-1.769799332428051031e+01
0.000000000000000000e+00;0.000000000000000000e+00;0.000000000000000000e+00;0.000000000000000000e+00;0.000000000000000000e+00;0.000000000000000000e+00
-1.507060093535730871e+01;-1.517142906941673353e+01;-4.097626350981940391e+00;-1.483117817530380833e+01;-1.626896447064841666e+01;-1.564988002902967779e+01
-9.749830153480077755e+00;-7.323044021329513598e+00;-1.817612104634338255e-01;-1.439640006944640760e+01;-1.287125658931368299e+01;-7.354133925686048734e+00
-1.659730196634425781e+01;-1.668203322969098679e+01;-1.707527689218673217e+01;-5.131202963532282446e+00;-1.697282404379082266e+01;-1.679244530509588884e+01
-2.013496524633287876e+01;-2.028878377880901951e+01;-2.221608449305196942e+01;-3.764266730071446965e+00;-2.102105128245024090e+01;-2.102315858288666561e+01
0.000000000000000000e+00;0.000000000000000000e+00;0.000000000000000000e+00;0.000000000000000000e+00;0.000000000000000000e+00;0.000000000000000000e+00
-1.628301209557419682e+01;-1.706726356338903017e+01;-1.657988248207593074e+01;-4.852940189056412557e+00;-1.764989469463386840e+01;-1.749948433066225917e+01
-1.655101768345761926e+01;-1.724237064461427948e+01;-6.516336380349196489e+00;-1.702549128090813468e+01;-1.760904503993295123e+01;-1.762554601160165291e+01
-1.991411892764103442e+01;-2.004140766426713682e+01;-1.995609790822292950e+01;-1.039539376360979794e+01;-2.015938905799027481e+01;-2.009180700115164697e+01
-1.768292770183500906e+01;-1.760460939628140054e+01;-8.307350574190003556e+00;-1.752052908063859249e+01;-1.811332296211308091e+01;-1.813936449651203731e+01
0.000000000000000000e+00;0.000000000000000000e+00;0.000000000000000000e+00;0.000000000000000000e+00;0.000000000000000000e+00;0.000000000000000000e+00
1.927232771508799125e+00;1.520355496777382776e+01;2.525036080325360643e+00;3.782822386661855774e+00;4.370151634549477304e-01;8.454631350941411716e-01
-2.540563845153571254e+00;-1.782523777930254294e+00;1.076892355956346492e+01;-2.121380983316930813e+00;-3.625750846681085271e+00;-3.786674716061264157e+00
3.094133711580746571e+00;1.976444456167690378e+00;2.241250679257149159e+00;1.086131594573742909e+01;-2.497475763973985019e-01;-1.286779641077466785e-01
3.019347215541193230e-01;1.638738977241683603e+00;8.383491419303293668e+00;-2.698405468275755670e+00;-3.817881003297359133e+00;-2.245980951058613062e+00
0.000000000000000000e+00;0.000000000000000000e+00;0.000000000000000000e+00;0.000000000000000000e+00;0.000000000000000000e+00;0.000000000000000000e+00
-1.273112578938939521e+01;-1.984839207646274062e+01;-1.984045106942052783e+01;-1.977518042807156817e+01;-2.001419909701274236e+01;-1.991308837831985201e+01
-2.149887512150376878e+00;-6.288575735086511465e+00;-2.117167337985478071e+00;3.658987361816230521e+00;-7.039335184665492129e+00;-6.834370219306818761e+00
-1.459750790774644358e+01;-1.438645042722303380e+01;-1.463384879807716743e+01;-1.501168440317102837e+00;-1.540845897624712002e+01;-1.520980499403719932e+01
-1.762817174181382995e+01;-1.769269784386507283e+01;-9.274888664230244828e+00;-1.773226434833686582e+01;-1.782008155570069263e+01;-1.795213358237139545e+01
0.000000000000000000e+00;0.000000000000000000e+00;0.000000000000000000e+00;0.000000000000000000e+00;0.000000000000000000e+00;0.000000000000000000e+00
-1.601948706684270007e+01;-1.647052882296694776e+01;-2.603911155768788621e+00;-1.647039074579436502e+01;-1.778959009141002667e+01;-1.748275669368599949e+01
-9.887461935492263265e+00;-2.094484443050339539e+00;1.827243167701036564e+00;-6.343874341038975295e+00;-1.263205763551633076e+01;-7.456857413441422722e+00
-3.650920398635993269e+00;-2.042355273378663227e+01;-2.073753116357151427e+01;-2.034011701867270361e+01;-2.063638531513392849e+01;-2.072912357737018851e+01
-3.504912557386285954e+01;-2.397723244652878805e+01;-2.391769257993578890e+01;-8.184717225358751236e+00;-2.468548661964318924e+01;-2.459261843748178578e+01
0.000000000000000000e+00;0.000000000000000000e+00;0.000000000000000000e+00;0.000000000000000000e+00;0.000000000000000000e+00;0.000000000000000000e+00
-1.610863609057417278e+01;-1.612536350884444403e+01;-1.676278195605150145e+01;-5.891070943575343222e+00;-1.704488581690397098e+01;-1.877620373022761413e+01
-5.322843087173806609e+00;-1.750547748972168804e+01;-1.773623123253500822e+01;-1.754079897655555698e+01;-1.822642705040481204e+01;-1.838733581852748955e+01
-2.223123892339748053e+01;-1.982710441045436411e+01;-1.969598352623618354e+01;-1.387876908941906429e+01;-2.018778040483173442e+01;-1.997738380915053469e+01
-7.215409168498885251e+00;-1.742043144721055725e+01;-1.724787637250917527e+01;-1.717099289468026413e+01;-1.828358877247285008e+01;-1.781341105745805464e+01
0.000000000000000000e+00;0.000000000000000000e+00;0.000000000000000000e+00;0.000000000000000000e+00;0.000000000000000000e+00;0.000000000000000000e+00
1.143507097290205943e+00;1.378158987777480915e+00;3.542627297727315994e-02;1.294802279457056216e+01;-7.844359282886739226e-01;-8.640110388598275515e-01
1.985852460669297603e-01;1.339193227291524790e+00;1.287216611917721920e+01;-5.537470904243086967e-01;-9.236933899855821473e-01;-1.052608958120651028e+00
2.993372009665446143e+00;1.590122853608529230e+00;1.232469574503125997e+00;8.799387877069214881e+00;-1.070900556456068742e+00;-6.258103712497518067e-01
3.609239010238604717e+00;1.899128239843658195e+00;1.031438384770853034e+01;1.019676484063156696e+00;-1.499922419419619790e-01;-2.465566485420360443e-01
0.000000000000000000e+00;0.000000000000000000e+00;0.000000000000000000e+00;0.000000000000000000e+00;0.000000000000000000e+00;0.000000000000000000e+00
-1.222560675359805771e+01;-2.071156787125249110e+01;-2.064224198314640546e+01;-2.056396606929117965e+01;-2.080172959415265765e+01;-2.109026345503307454e+01
-7.043000825499806439e+00;-1.195431085368794832e+01;-4.603290661373296899e+00;1.889617354022465223e+00;-2.257558380106096774e+00;-4.556527783898072670e+00
-1.759881828839007412e+01;-1.557963351930806262e+01;-1.548673356460746398e+01;-3.998997982078598579e+00;-1.740568812252499598e+01;-1.601515079630661731e+01
-1.549827921308671641e+01;-1.509723976972659365e+01;1.876198652399173383e+00;-1.575554688679780924e+01;-1.642200015729034490e+01;-1.652779512230743819e+01
0.000000000000000000e+00;0.000000000000000000e+00;0.000000000000000000e+00;0.000000000000000000e+00;0.000000000000000000e+00;0.000000000000000000e+00
-1.448976586443191827e+01;-1.511176942793887967e+01;-1.146853927568535214e+00;-1.480132991712969925e+01;-1.565933822528067942e+01;-1.564471265196451277e+01
-3.414680747922614668e+00;3.485210040652366725e+00;-4.261619867489809366e+00;-4.901652999699390278e+00;-5.075336369059858299e+00;-5.646602094779627379e+00
-1.887816757701140702e+01;-1.895209526123310440e+01;-1.267155251065427279e+01;-1.927461932983576887e+01;-2.001925944508263910e+01;-1.932354475532926585e+01
-2.279117678942447256e+01;-1.493374864811298330e+01;-2.277379283713061753e+01;-2.278452649292931298e+01;-2.413515520377381662e+01;-2.392470266381527111e+01
0.000000000000000000e+00;0.000000000000000000e+00;0.000000000000000000e+00;0.000000000000000000e+00;0.000000000000000000e+00;0.000000000000000000e+00
-1.795017610044395440e+01;-1.347452231306743897e+01;-1.794712263586587753e+01;-1.806801441856989143e+01;-1.833103921610958409e+01;-1.827747890613527915e+01
-6.958423265019777482e+00;-1.948754624445286154e+01;-1.937306984311452851e+01;-1.968503860991582499e+01;-1.980215674217765454e+01;-1.985186958145595071e+01
-2.872889289219729303e+00;-1.859187494910782235e+01;-1.845036309897401239e+01;-1.851398557029069636e+01;-1.879892845074301633e+01;-1.888061428849688994e+01
-7.560554715385491953e+00;-1.777281841010511343e+01;-1.829660885309138152e+01;-1.887232936725215993e+01;-1.919407039522117486e+01;-1.868149642183761827e+01
0.000000000000000000e+00;0.000000000000000000e+00;0.000000000000000000e+00;0.000000000000000000e+00;0.000000000000000000e+00;0.000000000000000000e+00
-3.159686695814837964e+00;-2.975173039215837090e+00;-3.428798173689660000e+00;1.074858945514127662e+01;-3.986941499862066252e+00;-4.176623135757025373e+00
1.420704645141955602e+00;1.517137862206730858e+01;1.998105413281698217e+00;6.268426360858008195e-01;-5.457288399775870325e-01;-3.064643396104143047e-01
4.086740538134339684e-01;-2.568267830798344198e-01;-2.132268388889397404e+00;6.914303585709642874e+00;-4.000441364823250190e+00;-2.575848303485899216e+00
1.270337642766246411e+01;4.929601775536219144e+00;2.495355094826052333e+00;3.344821982954663042e+00;5.141230160035199503e-01;1.056862305103956290e+00
0.000000000000000000e+00;0.000000000000000000e+00;0.000000000000000000e+00;0.000000000000000000e+00;0.000000000000000000e+00;0.000000000000000000e+00
-1.565374847339604258e+01;-2.171721236606541439e+01;-2.171042934664513169e+01;-2.198278817736067836e+01;-2.346143499872440330e+01;-2.399433562430892408e+01
-6.657603731399877489e+00;-6.595672802626297404e+00;-5.977190789514016167e+00;1.150492535793588705e-01;-5.130747417519372355e+00;-5.944209782050383417e+00
-2.337699906622543722e+01;-1.492116670873384976e+01;-1.484247348061723493e+01;-9.214101527089944454e+00;-1.521474503165846670e+01;-2.008872875665616675e+01
-1.704733407757807129e+01;3.556662116476972280e+00;-1.658257159357090771e+01;-1.662184257896925388e+01;-1.799944512330891300e+01;-1.771280224927220459e+01
0.000000000000000000e+00;0.000000000000000000e+00;0.000000000000000000e+00;0.000000000000000000e+00;0.000000000000000000e+00;0.000000000000000000e+00
-1.173643062473440146e+01;4.344671927992800331e-01;-1.087639461615894376e+01;-1.143860405549570736e+01;-1.304653682645444945e+01;-1.357858691995281752e+01
-3.236810506644050900e+00;4.181640873207463471e+00;-2.118151135414819031e+00;-8.169872253374551363e+00;-8.005679789905251198e+00;-7.238480167610932270e+00
-8.409298220018236236e+00;-2.073446876786125870e+01;-2.057087186019628433e+01;-2.072650497871783415e+01;-2.234242624051461235e+01;-2.216758118358110252e+01
-2.348059581561580345e+01;-2.350112613607548440e+01;-2.340755729812159558e+01;-1.781538700311244128e+01;-2.634478566180896664e+01;-2.653475553372507889e+01
0.000000000000000000e+00;0.000000000000000000e+00;0.000000000000000000e+00;0.000000000000000000e+00;0.000000000000000000e+00;0.000000000000000000e+00
-1.918873196381852964e+01;-1.035668575623575549e+01;-1.905013956079477566e+01;-2.328906802957913769e+01;-2.075721265186780684e+01;-2.089211730878945517e+01
-1.369912503484160560e+01;-1.882534314058415958e+01;-1.877988937293150329e+01;-1.884527415388260607e+01;-1.942615495823961780e+01;-2.006971252918265947e+01
-2.047044517273229047e+01;-2.064184549146575520e+01;-2.034924440042410154e+01;-6.355868716633498394e+00;-2.159741111967374749e+01;-2.193087655189453500e+01
-1.145569334475674239e+01;-1.533464633549321121e+01;-1.520971932882909528e+01;-1.639794792274920709e+01;-1.636949702132173101e+01;-1.665612498434795441e+01
0.000000000000000000e+00;0.000000000000000000e+00;0.000000000000000000e+00;0.000000000000000000e+00;0.000000000000000000e+00;0.000000000000000000e+00
-4.933909048699715250e+00;-5.407479144850390718e+00;-4.517631913326029647e+00;8.650368725716008456e+00;-6.530621868658076146e+00;-6.695005637235324158e+00
6.438687118985059188e-02;1.756213540737688561e+01;1.776187077765450928e+00;1.094146950640587646e+00;-9.557014711517316519e-01;-3.706431754897445141e-01
-3.012870511282269348e+00;-1.172030937939102027e-02;-2.966470472814051185e+00;-3.468714944978681824e+00;-2.292705818046236743e+00;-2.780285994976144259e+00
2.177435959446134134e-02;5.302188097386951959e+00;1.819650132684362265e-01;2.966898012773129811e-01;-7.961766048310181532e-02;-1.384400530744582247e-01
0.000000000000000000e+00;0.000000000000000000e+00;0.000000000000000000e+00;0.000000000000000000e+00;0.000000000000000000e+00;0.000000000000000000e+00
-1.782825123313694959e+01;1.880856058246549445e+00;-1.732179569027369936e+01;-1.733347758635757430e+01;-1.914742691477298564e+01;-2.016904635890524844e+01
-2.071521929321531008e+00;4.544678535802040287e+00;-6.256107158674593549e+00;-5.235853691732716086e+00;-6.130813965458621340e+00;-6.326482495296643194e+00
-1.267663896384090627e+01;-1.613746883656055786e+01;-4.695154437206414677e+00;-1.232046211051939899e+01;-1.402191207411355123e+01;-1.344870900018577942e+01
-1.927928405244890797e+01;-1.898440193136265819e+01;-7.629629603443258468e+00;-1.910601823373542985e+01;-2.039046145324063630e+01;-2.036759261790104603e+01
0.000000000000000000e+00;0.000000000000000000e+00;0.000000000000000000e+00;0.000000000000000000e+00;0.000000000000000000e+00;0.000000000000000000e+00
-1.390563811620688206e+01;-7.748746004348998184e+00;-1.467465508806511743e+01;-1.383281794001620568e+01;-1.413528484829187981e+01;-1.490420707576978998e+01
-7.487878514743965930e+00;-4.527003491160505710e+00;-2.888833523050143626e+00;-4.339098133702399274e+00;-7.073126121863413829e+00;-7.235103151657183318e+00
5.124470922784648330e+00;-1.512300798647763500e+01;-1.427232738449936988e+01;-1.446884396774129478e+01;-1.586469136207032093e+01;-1.593897841214874234e+01
-9.979257224704340956e-01;-1.910552793083076395e+01;-1.990968494663574972e+01;-1.940477551194752337e+01;-2.157894136149151976e+01;-2.202347409679829227e+01
0.000000000000000000e+00;0.000000000000000000e+00;0.000000000000000000e+00;0.000000000000000000e+00;0.000000000000000000e+00;0.000000000000000000e+00
-2.431043725552606727e+00;-1.571438063856358980e+01;-2.036473178314631838e+01;-1.526526358374721504e+01;-1.764207277614458746e+01;-1.786628480248133144e+01
-1.939823734463705662e+01;-1.945382934983278034e+01;-9.538009610372665037e+00;-1.918679211051436795e+01;-2.098451830764451387e+01;-2.147497604904947721e+01
-2.135845846962293493e+01;-2.131807942406858558e+01;-2.867463262789645917e+00;-2.138470716703348984e+01;-2.293562195944591053e+01;-2.320681831187648925e+01
-1.569791868008397806e+01;-1.164195697299719434e+01;-2.120973267139088136e+01;-1.563623113398024067e+01;-1.590031746218516773e+01;-1.685916215999926138e+01
0.000000000000000000e+00;0.000000000000000000e+00;0.000000000000000000e+00;0.000000000000000000e+00;0.000000000000000000e+00;0.000000000000000000e+00
1.090349605563154078e+00;1.513449442806431833e+01;1.433492105293307173e+00;1.812243777868269623e+00;-2.986964170670513563e-01;-1.691283331020249081e-02
-4.771761835268857332e+00;6.690073788215578077e+00;-4.529759484149769477e+00;-4.562821737633141694e+00;-5.587726438563390907e+00;-5.877283599072263165e+00
1.530886614976116356e+01;5.797071898319107852e+00;5.137809680367452003e+00;7.316891235273021543e+00;2.103459426877632321e+00;2.150354944865747076e+00
-1.258507271890585200e+00;-1.607627775864740372e+00;4.833194987599607195e+00;-7.811994946083271607e-01;-2.975907237529559879e+00;-2.407151358096250249e+00
0.000000000000000000e+00;0.000000000000000000e+00;0.000000000000000000e+00;0.000000000000000000e+00;0.000000000000000000e+00;0.000000000000000000e+00
-1.961085775362146322e+01;-1.847174714571773890e+01;-1.916433925378617786e+01;2.739840959499633688e-01;-2.021549240419528815e+01;-2.029766911640045990e+01
-6.129063308053090076e+00;3.360048774394258420e+00;-7.671550639263964300e+00;-5.704107556520959577e+00;-4.228962698737745995e+00;-4.402544248937609872e+00
-1.058283149604944384e+01;-1.382726033678550737e+00;-1.074207099877365934e+01;-1.059393650966882028e+01;-1.159285145201722145e+01;-1.146639584225588315e+01
-1.785520661065512371e+01;-1.810207140231419132e+01;-3.413622452027463172e+00;-1.790448695632315790e+01;-1.856628213290980156e+01;-1.857269557737964760e+01
0.000000000000000000e+00;0.000000000000000000e+00;0.000000000000000000e+00;0.000000000000000000e+00;0.000000000000000000e+00;0.000000000000000000e+00
-1.263458958588758740e+01;-1.253847700417530930e+01;-5.501854204584378571e+00;-1.271866169423124759e+01;-1.331443295394980275e+01;-1.358123536345789795e+01
-6.295467936785160035e+00;-6.663511047910207985e+00;-1.514185153723224708e+00;-7.356876074311987423e+00;-4.243013492343866488e+00;-7.173465325742305332e+00
-1.601706157200077385e+01;-1.580519828219536826e+01;-1.606933493598608464e+01;3.320151458883443318e+00;-1.715501554540488982e+01;-1.687376188980570646e+01
-1.996277944594222475e+01;-5.732573216427407026e+00;-2.018419223457357248e+01;-1.963002025932887307e+01;-2.053112179740357135e+01;-2.059750949577812662e+01
0.000000000000000000e+00;0.000000000000000000e+00;0.000000000000000000e+00;0.000000000000000000e+00;0.000000000000000000e+00;0.000000000000000000e+00
-1.750748558536934851e+01;-1.775702705452304286e+01;-1.828181437352976957e+01;-4.198644654512270868e+00;-1.790665011326615996e+01;-1.814140576994901011e+01
-1.749237931140163127e+01;-7.697727014586416949e+00;-1.754471163641384734e+01;-1.762828687088662249e+01;-1.844565921223163940e+01;-1.813550191901668640e+01
-2.176310459528622232e+01;-2.191425091076171583e+01;-3.161140203665078197e-01;-2.151084390380950850e+01;-2.239162940822926018e+01;-2.284621668107921622e+01
-2.206247013584312100e+01;-1.867034253397678967e+01;-1.334822205809966889e+01;-1.869142942520720041e+01;-1.879626791230941762e+01;-1.871007491949436741e+01
0.000000000000000000e+00;0.000000000000000000e+00;0.000000000000000000e+00;0.000000000000000000e+00;0.000000000000000000e+00;0.000000000000000000e+00
-1.557432773253361935e+00;-5.553715574157923607e-01;-9.885904000772787192e-01;5.176239859370316054e+00;-5.672276570245682326e-01;-5.995144959727553013e-01
-2.457665328821172945e+00;-2.513650905962533155e+00;8.717025978214777426e-01;-2.392588632090288048e+00;-2.438671853596067862e+00;-2.577589646336892137e+00
-1.220408916798195964e+00;-3.390910514139570259e-02;-3.162769712924062837e-01;1.094290817820405870e+01;-1.296352232393141568e+00;-2.542293739091406116e-02
1.854850162430744798e-01;6.490517994244853206e+00;1.935923620568706260e+00;-3.226606859126077143e-01;-2.556284217176450824e+00;-1.615566411258432700e+00
0.000000000000000000e+00;0.000000000000000000e+00;0.000000000000000000e+00;0.000000000000000000e+00;0.000000000000000000e+00;0.000000000000000000e+00
-1.914848644524299104e+01;-1.911902177606904729e+01;-1.945522840547144838e+01;-1.182774229813157163e+00;-2.005898845210609949e+01;-2.007982999844339744e+01
-1.244802625472917690e+01;1.915620449320100338e+00;-5.446632603651764271e+00;-2.292273281509995542e+00;-7.245377592254182986e+00;-1.182387424479863824e+01
-1.366699309068681423e+01;-1.347458688798294091e+01;-1.371206105719828372e+01;-3.111222709089672467e+00;-1.418100976133228919e+01;-1.421274903444673576e+01
-1.728430603319342040e+01;-1.697504945370960883e+01;-1.183433215753372236e+00;-1.763476219945568602e+01;-1.805127455780263190e+01;-1.832309885450258946e+01
0.000000000000000000e+00;0.000000000000000000e+00;0.000000000000000000e+00;0.000000000000000000e+00;0.000000000000000000e+00;0.000000000000000000e+00
-1.483806838890080648e+01;-1.562573406234855256e+01;-4.124629355526893804e+00;-1.453645228074795348e+01;-1.828123589414889949e+01;-1.527838194639551972e+01
-5.761338464664877534e+00;2.999677171919212237e-01;-2.669029482121851871e+00;-6.311848583900701470e+00;-8.195412274631458160e+00;-4.237711462738855239e+00
-1.820561803351920460e+01;-1.836153482142003313e+01;-1.819697277927105006e+01;1.701019083273723753e+00;-1.913821882857187617e+01;-1.909710431504483097e+01
-3.158915951962568869e+01;-2.271180081612546076e+01;-2.255362027084064991e+01;-9.471318172876900476e+00;-2.371014952351050553e+01;-2.358051418699063362e+01
0.000000000000000000e+00;0.000000000000000000e+00;0.000000000000000000e+00;0.000000000000000000e+00;0.000000000000000000e+00;0.000000000000000000e+00
-1.497522672403449029e+01;-1.488639421649959971e+01;-1.500747211985876106e+01;-9.432181612811714189e+00;-1.511503119560972053e+01;-1.499814403247690819e+01
-1.730531976671784733e+01;-1.724782223302846162e+01;-3.879415547507643058e+00;-1.738702901560585445e+01;-1.847462722006165947e+01;-1.830166489135537944e+01
-2.012611393168619500e+01;-2.004521750510351552e+01;1.444553629990574128e+00;-1.954027902141314854e+01;-2.037233580423960433e+01;-2.162178638487828408e+01
-1.683327789056680501e+01;-1.721991527151435619e+01;-5.925748043550362887e+00;-1.934678756403727107e+01;-1.753679809627504227e+01;-1.777320724175219269e+01
0.000000000000000000e+00;0.000000000000000000e+00;0.000000000000000000e+00;0.000000000000000000e+00;0.000000000000000000e+00;0.000000000000000000e+00
-1.449353709153066161e+00;4.732103856406793874e+00;-1.718941174300411490e+00;-1.586778788063812007e+00;-1.388951119937641643e+00;-1.267252322060676173e+00
-1.579091231112998095e+00;-1.370961413028591203e+00;4.721447086351635569e+00;-1.526023570125387252e+00;-1.419989694612101783e+00;-1.591372267351287562e+00
-6.844775128903182182e-01;2.063370167725009710e-02;-1.428573944041080290e+00;5.652494823757622910e+00;-1.516398287009216972e+00;-3.132267737975172883e-01
-4.570185225888246938e-01;-4.752231851577273236e-01;1.057678194813081696e+01;1.509311824627745102e-01;1.157175497209078502e-01;7.530482388967557617e-02
0.000000000000000000e+00;0.000000000000000000e+00;0.000000000000000000e+00;0.000000000000000000e+00;0.000000000000000000e+00;0.000000000000000000e+00
-2.100508671589060228e+01;-2.090082149710664439e+01;-2.121876559982332822e+01;-3.331426227125874995e+00;-2.242886845766764736e+01;-2.178759512542482923e+01
-9.729814990168822675e+00;-6.625265182787153151e+00;-7.761813761528928879e+00;4.380232590052970942e-01;-6.188822512848663138e+00;-3.542418628525620505e+00
-1.673092768675493502e+01;-2.127789613518221756e+01;-1.692639751205792820e+01;-4.749788555843120541e+00;-1.731918899454337435e+01;-1.740924540030599488e+01
-1.743477907103777369e+01;3.850586880143432311e-01;-1.762896183030167663e+01;-1.693892805608574648e+01;-1.829210530013833846e+01;-1.855208614999538952e+01
0.000000000000000000e+00;0.000000000000000000e+00;0.000000000000000000e+00;0.000000000000000000e+00;0.000000000000000000e+00;0.000000000000000000e+00
-1.711831980732493363e+01;-1.705793726785271147e+01;-2.697392016303201689e+00;-1.763862753424482932e+01;-1.786823197354263115e+01;-1.856899578801852257e+01
-9.223294883658484267e+00;-6.931954710016641208e+00;-5.550572448460204811e+00;-1.325620560293963024e+00;-1.233557263801707293e+01;-9.062012722725325986e+00
-1.888919587861888516e+01;-1.917233202051903973e+01;-1.866930167143474151e+01;-2.284053761952357653e-01;-1.920360027931309688e+01;-1.953454407942999538e+01
-2.220452517134478398e+01;-2.235101874667666522e+01;-2.239061609822491405e+01;-1.109735715648416310e+01;-2.506707300092605450e+01;-2.358849795439325447e+01
0.000000000000000000e+00;0.000000000000000000e+00;0.000000000000000000e+00;0.000000000000000000e+00;0.000000000000000000e+00;0.000000000000000000e+00
-1.729828002165072220e+01;-1.953842670600521103e+01;-1.959600796341226570e+01;-2.026021074115954335e+01;-1.985992144444129792e+01;-2.104251487607196935e+01
-2.561030331838046070e+00;-1.863003264286531646e+01;-1.869490613464914475e+01;-1.876192995268218411e+01;-1.985576120507859343e+01;-1.968109927308539042e+01
3.351473941882824992e+00;-1.682970872281921970e+01;-1.714948426412026805e+01;-1.700879078248204124e+01;-1.819932570265284966e+01;-1.785963953535678783e+01
-4.787515460465355588e+00;-1.484967137768781598e+01;-1.508487903920884854e+01;-1.520889352382186388e+01;-1.617348750297070126e+01;-1.672975304232085492e+01
0.000000000000000000e+00;0.000000000000000000e+00;0.000000000000000000e+00;0.000000000000000000e+00;0.000000000000000000e+00;0.000000000000000000e+00
-4.161129999419712178e+00;-4.388519828416537649e+00;-4.165864360028494140e+00;-1.051824607565382819e-01;-4.256772573838476070e+00;-4.272896398736965473e+00
-3.089349597107607925e-01;1.091752313291741161e-01;1.277825038352611564e+01;-5.670978173279832557e-01;-1.389687435706447705e+00;-1.329052884370660825e+00
-1.203160928374122696e+00;5.049021661052083054e+00;-8.911113742124308901e-02;8.609030945534332790e-01;-3.016885255887106432e+00;-1.969310644266512700e+00
1.522685580330432842e+01;5.793821341448953000e+00;1.818217722945209003e+00;6.230971398412886053e+00;1.859013534860095351e+00;1.775613685472919423e+00
0.000000000000000000e+00;0.000000000000000000e+00;0.000000000000000000e+00;0.000000000000000000e+00;0.000000000000000000e+00;0.000000000000000000e+00
-1.282742988597009060e+01;-2.168023243311141712e+01;-2.184891276452215436e+01;-2.158583866209241720e+01;-2.400968138158260601e+01;-2.342684074977482567e+01
-1.257493804222610301e+01;-3.670564989498455777e+00;-6.359526047248699854e+00;-8.028362992448808910e+00;-6.868438992559461553e+00;-1.101392832362085628e+01
-1.897837859671719940e+01;-2.105004957582749014e+01;-1.885539056921222922e+01;-6.494256302038519557e+00;-2.169938614513626618e+01;-1.967773177829046460e+01
-2.183779932261850121e+01;-1.490827174082754425e+01;-2.118977980095773006e+01;-2.210021898143194008e+01;-2.630984080472115849e+01;-2.625190412512701954e+01
0.000000000000000000e+00;0.000000000000000000e+00;0.000000000000000000e+00;0.000000000000000000e+00;0.000000000000000000e+00;0.000000000000000000e+00
-1.708201079721828464e+01;-9.803112675453353742e-01;-1.698319650314108031e+01;-1.745441991324409514e+01;-1.784446930689575339e+01;-1.905659160160852750e+01
-5.853348087007476330e+00;4.855803777906110841e-01;-6.085230275260551380e+00;-1.293404059090266145e+01;-6.102368738666331893e+00;-4.202152102437190173e+00
-1.950841372035799282e+01;-1.953260005384581177e+01;-1.899326218340368655e+01;-4.886621084025345674e+00;-1.979682022167619593e+01;-1.981387719372420264e+01
-2.402185506552615024e+01;-2.082264293177986758e+01;-2.406892232464788606e+01;-2.409190939192237479e+01;-2.829549940945726050e+01;-2.817639506833129204e+01
0.000000000000000000e+00;0.000000000000000000e+00;0.000000000000000000e+00;0.000000000000000000e+00;0.000000000000000000e+00;0.000000000000000000e+00
-2.037766015104291384e+01;-1.138513616034543041e+01;-2.009816482872466636e+01;-2.026904348980479398e+01;-2.317362148419000079e+01;-2.224548322412969981e+01
-9.861673278827078448e+00;-2.121778870122761873e+01;-1.967016495098616957e+01;-1.984217683674528487e+01;-2.160453244778261350e+01;-2.058715222762258890e+01
-1.345931721260631519e+01;-2.135019228434294192e+01;-2.138668914047941882e+01;-2.161118470525052970e+01;-2.586575499474947648e+01;-2.301789543645969616e+01
-8.645998013596051024e+00;-1.533309443885721279e+01;-1.895077457700095636e+01;-1.570081872632445474e+01;-1.594654473227540414e+01;-1.603593368647308992e+01
0.000000000000000000e+00;0.000000000000000000e+00;0.000000000000000000e+00;0.000000000000000000e+00;0.000000000000000000e+00;0.000000000000000000e+00
-3.114517406219775797e+00;6.772513900389802721e+00;-2.607038782018889833e+00;-2.796445471951285455e+00;-4.166812442350082080e+00;-4.577564289015075616e+00
-1.153350196930741367e+00;1.512324452578683953e+01;-1.702291055183862978e-01;9.673459811380630269e-02;-1.602410712744236632e+00;-1.219249703380074878e+00
-8.733777012775281179e-01;-1.418303070419353551e+00;6.104537468430543817e-02;3.277938520040269754e+00;-2.588401090546826211e+00;-2.152259227552532739e+00
1.207672206017639249e-01;2.566298998817373889e+00;5.361262614825634820e-02;1.391330811991824679e-01;-1.279301532817440634e-01;-4.697857697961900503e-02
0.000000000000000000e+00;0.000000000000000000e+00;0.000000000000000000e+00;0.000000000000000000e+00;0.000000000000000000e+00;0.000000000000000000e+00
-2.034282502566145112e+01;-1.057463787491867002e+01;-2.107698779165504277e+01;-2.017163976672846459e+01;-2.421276288490125950e+01;-2.160861542343653241e+01
-5.178013011621504624e+00;7.536141796213644550e-01;-5.546778198027070061e+00;-4.757768780693644395e+00;-7.285805204753906139e+00;-7.096606166253037529e+00
-1.357199439988522727e+01;-8.865091448049476242e+00;-1.362537233786221691e+01;-1.361511501040041772e+01;-1.479861663830466512e+01;-1.464913442410865052e+01
-2.022660093439317208e+01;-1.342428346049569399e+01;-1.992535335497215954e+01;-2.000823524149327071e+01;-2.479923600243033022e+01;-2.386193600150325977e+01
0.000000000000000000e+00;0.000000000000000000e+00;0.000000000000000000e+00;0.000000000000000000e+00;0.000000000000000000e+00;0.000000000000000000e+00
-1.534129580840628648e+01;-9.652308888799289832e+00;-1.343939364763941846e+01;-1.353327769048835272e+01;-1.692483777392042299e+01;-1.510572485072831661e+01
-2.032859879933015890e+01;-5.187587264926500907e+00;-9.684050086431684079e+00;-7.949697086675968194e+00;-1.013198197037854698e+01;-9.211108933528054266e+00
7.066389273733691745e+00;-1.675658239950581674e+01;-1.267518846247232922e+01;-1.220365469863383545e+01;-1.501923506596308933e+01;-1.446233868860068128e+01
4.564911314122115926e-01;-1.724654502902425435e+01;-1.703467767002454281e+01;-1.715988508138572399e+01;-2.301870881003313940e+01;-2.141537300803239319e+01
0.000000000000000000e+00;0.000000000000000000e+00;0.000000000000000000e+00;0.000000000000000000e+00;0.000000000000000000e+00;0.000000000000000000e+00
-1.088431199658058235e+00;-1.488915919957196721e+01;-1.193709783240677424e+01;-1.216327140253598493e+01;-1.639054615369072465e+01;-1.521299457763386265e+01
-1.893905685776799075e+01;-1.396397155389272449e+01;-1.882398132157452153e+01;-1.883237327694670782e+01;-2.111804869925316552e+01;-2.280338784455048184e+01
-2.058029753542473017e+01;-1.210471313992218967e+01;-2.044984871599561771e+01;-2.064393449181654105e+01;-2.395319071986999404e+01;-2.363608920315785156e+01
-1.486447794709514270e+01;-1.270783261657585150e+01;-1.469430393911692079e+01;-1.472333526481242671e+01;-1.666311510685649822e+01;-1.774761384353874405e+01
0.000000000000000000e+00;0.000000000000000000e+00;0.000000000000000000e+00;0.000000000000000000e+00;0.000000000000000000e+00;0.000000000000000000e+00
-2.444829089792500021e+00;1.279055048945005701e+01;9.021760289686300838e-02;-3.479522230525226023e-01;-1.790733537135269948e+00;-2.104678963745070241e+00
-7.366026093489117521e+00;4.954840760427091872e+00;-6.876752349975764567e+00;-7.213397080473972878e+00;-8.093761328419944334e+00;-8.448894873978835207e+00
1.766542890940182886e+01;6.936603232369916938e+00;8.563051127261653406e+00;8.528555864552304300e+00;3.403583140728733802e+00;3.481346407961531497e+00
-2.422988382568636467e+00;3.146632861770911394e+00;-2.156941892190652243e+00;-2.154972351003423103e+00;-4.887980305506107293e+00;-5.054974286797518701e+00
0.000000000000000000e+00;0.000000000000000000e+00;0.000000000000000000e+00;0.000000000000000000e+00;0.000000000000000000e+00;0.000000000000000000e+00
-2.307490749404864161e+01;-2.373304712425811047e+01;-1.742807313217485188e+01;-2.275646730241009053e+01;-2.738500640788176099e+01;-2.613902126671830928e+01
-8.369792115912517261e+00;1.287786657461936546e+00;-8.607845804109702570e+00;-6.202423173219420605e+00;-7.576453990593221555e+00;-7.470770710585511232e+00
-1.380327001269916920e+01;-3.526556645796790512e+00;-1.404012510408767511e+01;-1.398246320489644390e+01;-2.008200938500087673e+01;-1.501111604524322374e+01
-1.822033672925526204e+01;-1.857254407315770806e+01;-1.329642852064011294e+01;-1.824532318597547587e+01;-1.913975940992528635e+01;-1.935185537661093491e+01
0.000000000000000000e+00;0.000000000000000000e+00;0.000000000000000000e+00;0.000000000000000000e+00;0.000000000000000000e+00;0.000000000000000000e+00
-1.487830930860405942e+01;-6.896042851086207293e+00;-1.234204047377678926e+01;-1.198948127991880597e+01;-1.238921209853483596e+01;-1.264599608181404733e+01
-1.030605312033675602e+01;-6.923493445099174970e+00;-3.462236295749284487e+00;-5.061752918713714244e+00;-8.574299880338816848e+00;-8.383089502419501571e+00
-1.999065432670987263e+01;-1.680432432318241798e+00;-2.019460793093011830e+01;-2.014519962597000813e+01;-2.253671497350312691e+01;-2.037496644122374789e+01
-2.440758924768928040e+01;-1.202811550487982117e+01;-2.256182717643957858e+01;-2.240919485994648497e+01;-2.529914607031258811e+01;-3.408797031403793909e+01
0.000000000000000000e+00;0.000000000000000000e+00;0.000000000000000000e+00;0.000000000000000000e+00;0.000000000000000000e+00;0.000000000000000000e+00
-1.715602342238175382e+01;-6.835540438974017086e+00;-1.706523235489136425e+01;-1.752730548484487727e+01;-1.763267056950197897e+01;-1.765995187971245173e+01
-1.927563989256456978e+01;-1.067716777139263051e+01;-1.921296635313522927e+01;-1.933505750611496055e+01;-2.063659515939397338e+01;-2.092081985845822345e+01
-2.574399875552449757e+01;-7.221692809189156570e+00;-2.273183062798910470e+01;-2.258189090834239821e+01;-2.490332449371495116e+01;-2.438979573036375825e+01
-1.615540387486727170e+01;-2.042118012387282278e+01;-1.247866483847449892e+01;-1.607226224933062042e+01;-1.631240639023568662e+01;-1.826816437857676689e+01
0.000000000000000000e+00;0.000000000000000000e+00;0.000000000000000000e+00;0.000000000000000000e+00;0.000000000000000000e+00;0.000000000000000000e+00
-2.494735327614328313e-01;-2.656367575145234805e-01;-2.063421754262149965e-01;-2.322175210200806417e-01;-8.035423429308519161e-01;-4.043275843412219572e-01
-1.374152748284276360e+00;-8.428581473582442696e-01;-7.640484811558461153e-01;-6.971201578582840730e-01;-1.060641185928217212e+00;-1.143169115456502904e+00
-6.796955681513260350e-01;2.646366650032875301e-01;-6.425215032633163625e-01;-3.221330049355000669e-01;-2.727654049807596848e-01;-2.080037028753919104e-01
-1.055128262371344272e+00;-1.354625450182498914e-01;1.394880467740365670e+00;6.831594338710007819e-03;1.306254003703902168e-03;-2.054979231404006901e-02
0.000000000000000000e+00;0.000000000000000000e+00;0.000000000000000000e+00;0.000000000000000000e+00;0.000000000000000000e+00;0.000000000000000000e+00
-2.212381276131137753e+01;-8.038333259079049498e+00;-2.187901177697079902e+01;-2.192631421122489499e+01;-2.456312370729084549e+01;-2.807499750685009943e+01
-9.375668937949900084e+00;-1.112015714714915227e+01;-9.846353190398064115e+00;-1.653084444613711623e+00;-6.906263979961789978e+00;-6.537440789397065188e+00
-1.290497355494893661e+01;-1.444313665069619113e+01;-1.227460486672722695e+01;-6.257980679274873559e+00;-1.255120619231063372e+01;-1.292164957595231733e+01
-1.890349191517476868e+01;-6.143480598871791543e+00;-1.894710236936517944e+01;-1.892680040940142305e+01;-2.020821126711529203e+01;-1.971795298719306899e+01
0.000000000000000000e+00;0.000000000000000000e+00;0.000000000000000000e+00;0.000000000000000000e+00;0.000000000000000000e+00;0.000000000000000000e+00
-1.436703130754987612e+01;-1.682632999402802554e+01;-1.438358013975022587e+01;-1.078270032947696322e+01;-1.450701690767779795e+01;-1.457643591397279970e+01
-1.359889700391425116e+01;-1.708531566321957129e+00;-1.124806254895333346e+01;-8.597589803062232860e+00;-9.053742099744141569e+00;-1.098520058598751348e+01
-2.038979647631263958e+01;-2.236464933177012426e+01;-2.008444553882349837e+01;-1.183464031435330810e+01;-2.285424456279946881e+01;-2.068748605981409838e+01
-2.985209805177226272e+01;-2.405673612906809211e+01;-2.278561458872463064e+01;-1.480956276604170974e+01;-2.572351871650057475e+01;-2.618368371456320531e+01
0.000000000000000000e+00;0.000000000000000000e+00;0.000000000000000000e+00;0.000000000000000000e+00;0.000000000000000000e+00;0.000000000000000000e+00
-1.837011094066623684e+01;-2.074256156621773428e+01;-1.799766796818967052e+01;-1.421582798694349492e+01;-1.898103115244674655e+01;-1.960012215233279420e+01
-1.962501454852423066e+01;-2.043356372398193344e+01;-1.961267015015279114e+01;-1.376385588763208290e+01;-2.088645943518189085e+01;-2.080540873362932430e+01
-2.235798530757342562e+01;-2.316965753698721997e+01;-2.226566988268555036e+01;-1.267664301103565450e+01;-2.342849286836471379e+01;-2.540166067073289113e+01
-1.643510440207425916e+01;-8.710510195380180676e+00;-1.610834611718533793e+01;-1.862477779295810976e+01;-1.741472736633361507e+01;-1.674176105495335065e+01
0.000000000000000000e+00;0.000000000000000000e+00;0.000000000000000000e+00;0.000000000000000000e+00;0.000000000000000000e+00;0.000000000000000000e+00
-1.381885561269580176e+00;-1.524851289240693880e-02;-2.416505832924366881e-01;-1.962217063411021700e-01;-4.913968450365100438e-01;-4.275194680342416786e-01
-1.238546691286575907e+00;-5.393627483657776889e-01;-8.724289679353850469e-01;-1.290574488718821744e+00;-1.422129677270094206e+00;-1.277402655656868724e+00
-1.087329385348623001e+00;-3.082322563412299710e-01;-3.886743175015925367e-01;-4.331862065802073447e-01;-5.145718620363222140e-01;-8.274673631774310811e-01
-8.221727374121343690e-01;2.046385701257033674e+00;2.546380627857746867e-02;5.385280962696539775e-02;-6.266459648360520919e-03;-9.157029775922951448e-03
0.000000000000000000e+00;0.000000000000000000e+00;0.000000000000000000e+00;0.000000000000000000e+00;0.000000000000000000e+00;0.000000000000000000e+00
-2.030982560165397999e+01;-5.849785417348005723e+00;-2.050543002296026174e+01;-2.035884143246032707e+01;-2.234619732486639521e+01;-2.258250619463546016e+01
-1.743155481795717421e+01;-1.460444500022258119e+00;-1.058807357177444253e+01;-1.771048702726595891e+01;-7.401260767732030565e+00;-7.307540017743339611e+00
-1.901567932893993529e+01;-2.082596962566959320e+01;-1.352301668700365411e+01;-2.527961889170771315e+01;-1.914293067729444431e+01;-1.980689189610173173e+01
-2.173881243455116419e+01;-5.357273709934937678e+00;-2.152553764890410903e+01;-2.138132352171136574e+01;-2.249587829293984598e+01;-2.249637422629540140e+01
0.000000000000000000e+00;0.000000000000000000e+00;0.000000000000000000e+00;0.000000000000000000e+00;0.000000000000000000e+00;0.000000000000000000e+00
-1.399516971423056866e+01;-1.925751388758708771e+01;-6.868629567345129416e+00;-1.403324464474012778e+01;-1.493672009075756435e+01;-1.653727635992605016e+01
-8.860341649987754309e+00;-2.764380231365932694e+00;-6.979656571984514279e+00;-6.680254510950563329e+00;-7.811984680713474738e+00;-7.328206203544374020e+00
-2.411665037754659835e+01;-4.128493731913849274e+00;-2.059984063075975413e+01;-2.054716543174552612e+01;-2.095768429280151679e+01;-2.094580135265309551e+01
-2.329297167953062697e+01;-1.335953815808581702e+01;-2.322527312806643707e+01;-2.297388259429201085e+01;-2.724748452651452268e+01;-2.674004751257390922e+01
0.000000000000000000e+00;0.000000000000000000e+00;0.000000000000000000e+00;0.000000000000000000e+00;0.000000000000000000e+00;0.000000000000000000e+00
-2.112040534609742437e+01;-1.823287419947530097e+01;-1.407383006018038785e+01;-1.811026047476921619e+01;-1.871242447658233488e+01;-1.907140051897101074e+01
-1.186312564841242478e+00;-1.955099067295583026e+01;-1.763462305329368007e+01;-1.719525481699016112e+01;-2.123665897961859983e+01;-1.925731760837944506e+01
5.125788246103158308e+00;-1.720379880676825124e+01;-1.659992216154072864e+01;-1.584941225230076434e+01;-1.822009512973842504e+01;-1.762604064839143092e+01
-3.557219161204976832e+00;-1.205111218598773348e+01;-1.446782871999138109e+01;-1.124733591409073696e+01;-1.329296317673662742e+01;-1.356263335073160370e+01
0.000000000000000000e+00;0.000000000000000000e+00;0.000000000000000000e+00;0.000000000000000000e+00;0.000000000000000000e+00;0.000000000000000000e+00
-4.704294189452689068e+00;-6.437776214076772696e+00;-6.325927715423235398e+00;-6.131647235842891064e+00;-6.429146022357096868e+00;-6.407094400323865457e+00
-4.401173536102764849e+00;1.058166797811901283e+01;-4.275174564197829596e+00;-4.358848435455218606e+00;-5.659354496732249551e+00;-5.635865951775678617e+00
-2.775676669297816090e+00;-1.910244937707199719e+00;9.568124214687594165e-02;-2.683711549318525957e+00;-4.572389320360334075e+00;-4.244292569024493034e+00
1.758790295128451220e+01;6.662036096996361678e+00;6.498247586581936019e+00;8.356054101238981957e+00;3.412967290767241924e+00;3.485004044919783439e+00
0.000000000000000000e+00;0.000000000000000000e+00;0.000000000000000000e+00;0.000000000000000000e+00;0.000000000000000000e+00;0.000000000000000000e+00
-2.207372931523696380e+01;-2.186070240132181652e+01;-2.197235094015316648e+01;-1.028992469455203462e+01;-2.541681832477015135e+01;-2.486379191008565570e+01
-5.752329913796583760e+00;-1.383725526427337194e+01;-6.606073573403887345e+00;-1.222091833045388221e+01;-6.697844023585615147e+00;-1.043711902174664452e+01
-1.978675357099946197e+01;-8.239189618076579791e+00;-1.930479492975728562e+01;-1.992782043802614567e+01;-2.115185574898926646e+01;-2.126009649438527305e+01
-2.243327986682471575e+01;-2.234615999933327046e+01;-2.232041461115114345e+01;-1.199361356052393468e+01;-2.462698535170364522e+01;-2.478611029658447507e+01
0.000000000000000000e+00;0.000000000000000000e+00;0.000000000000000000e+00;0.000000000000000000e+00;0.000000000000000000e+00;0.000000000000000000e+00
-1.723472433748104748e+01;-3.791292926217703751e+00;-1.718827791584866560e+01;-1.703011803120892509e+01;-1.796744625071717749e+01;-2.031892468032436483e+01
-9.196629726114895931e+00;-9.581576989022483559e+00;-9.088206511549536515e+00;-5.804993171462762724e+00;-9.496173166253738529e+00;-9.841570665318831956e+00
-2.092327817864646278e+01;-2.071450660698664592e+01;-2.051226085975209656e+01;-1.622637605282623241e+01;-2.494049228077652103e+01;-2.389363818982715770e+01
-2.222167977241426229e+01;-2.227525122143632785e+01;-2.208740877355182519e+01;-1.502363758850026265e+01;-2.506640156226859517e+01;-2.524017822080868712e+01
0.000000000000000000e+00;0.000000000000000000e+00;0.000000000000000000e+00;0.000000000000000000e+00;0.000000000000000000e+00;0.000000000000000000e+00
-1.886125781530976298e+01;-1.253773892554055180e+01;-1.882175699110977973e+01;-2.002722906159516114e+01;-1.992114560544812818e+01;-1.980474275180718280e+01
-6.594044494246017685e+00;-1.959881024228059587e+01;-1.905318868372429364e+01;-1.910117693116594495e+01;-2.127657520263820601e+01;-2.099262750929462129e+01
-1.933272018898121658e+01;-1.933058030611848110e+01;-1.944137690514767414e+01;-6.623703537379661554e+00;-2.133007944525448707e+01;-2.049937763343946884e+01
-6.191005052586502799e+00;-1.756023552413103772e+01;-1.557667939036369553e+01;-1.519398864377058622e+01;-1.570924344607966638e+01;-1.564104965614364851e+01
0.000000000000000000e+00;0.000000000000000000e+00;0.000000000000000000e+00;0.000000000000000000e+00;0.000000000000000000e+00;0.000000000000000000e+00
-3.163634543246574449e+00;5.019473249752723909e+00;-3.238064647002006691e+00;-4.249270226726746813e+00;-4.755872171923295255e+00;-4.927719967802193679e+00
-4.690079419654947124e+00;-5.435650305832909090e+00;-4.694023622692226283e+00;-1.037677093853799581e+00;-4.931854414406878107e+00;-4.999151243547382606e+00
-2.710441203031765056e+00;1.663687819157572800e+00;-5.728874864206467965e-01;-8.504489572839342149e-01;-3.535593465166189109e+00;-3.857442989873014483e+00
7.740269574650187501e+00;3.695023213011976171e-02;1.539409556836774384e-01;1.975401686666675705e-01;5.806344569034951886e-02;1.224322505692648222e-01
0.000000000000000000e+00;0.000000000000000000e+00;0.000000000000000000e+00;0.000000000000000000e+00;0.000000000000000000e+00;0.000000000000000000e+00
-1.994956102406053589e+01;-1.712915323294963699e+01;-2.008722907957481851e+01;-2.013805180506653159e+01;-2.473426132865666816e+01;-2.562456721930632497e+01
-7.024315030883215627e+00;-3.610213035177492369e+00;-6.929993162554299424e+00;-6.791742410758253357e+00;-7.674521039629683905e+00;-8.227586233902153268e+00
-1.275571073489536822e+01;-1.091500667746494280e+01;-1.277432473744823760e+01;-1.279864256073365603e+01;-1.744746178649493018e+01;-1.643863740150711550e+01
-1.795330014682705411e+01;-1.627398609005806662e+01;-1.804528577394835409e+01;-1.805251738331389788e+01;-2.243257626802213167e+01;-2.284674072346464868e+01
0.000000000000000000e+00;0.000000000000000000e+00;0.000000000000000000e+00;0.000000000000000000e+00;0.000000000000000000e+00;0.000000000000000000e+00
-1.273854632470021642e+01;-1.172425044121705540e+01;-1.274190723666782077e+01;-1.275678571788950855e+01;-1.653395179078244936e+01;-1.555824055933928740e+01
-2.118456893555114107e+01;-1.584360249469336779e+01;-1.985460074297169442e+01;-1.754324239088114368e+01;-2.313003665521532426e+01;-3.004642883890215899e+01
-8.939028761316672345e+00;-1.124451326391282890e+01;-9.004091192523661746e+00;-9.173000706777095559e+00;8.869442130380459588e+00;-1.535608625544314343e+01
-1.448735496995402450e+01;-1.504397806714276520e+01;-1.422649888726777334e+01;-1.402313055087748417e+01;1.896978389683384281e+00;-1.865365322271393111e+01
0.000000000000000000e+00;0.000000000000000000e+00;0.000000000000000000e+00;0.000000000000000000e+00;0.000000000000000000e+00;0.000000000000000000e+00
-9.138648086337321175e+00;-9.654759053889462095e+00;-8.941900179957560368e+00;-8.685157585615270293e+00;1.903646024657422997e-01;-1.232558479007814789e+01
-1.697433145170870006e+01;-1.576242969369717528e+01;-1.693931192365203842e+01;-1.697840461592399919e+01;-2.057798146716866938e+01;-2.178564221153298419e+01
-1.895365946894848008e+01;-1.576444191265193062e+01;-1.891133917408599530e+01;-1.888849230035469517e+01;-2.328948121700619822e+01;-2.392780948289761156e+01
-1.289583539492442732e+01;-1.253038307858481382e+01;-1.298483513520840127e+01;-1.287510314919434151e+01;-1.426151879954215040e+01;-1.731138940857472974e+01
0.000000000000000000e+00;0.000000000000000000e+00;0.000000000000000000e+00;0.000000000000000000e+00;0.000000000000000000e+00;0.000000000000000000e+00
-5.130902470400445559e+00;1.066195276097135114e+01;-4.512574626474159523e+00;-4.698038880504303627e+00;-7.088760733950481452e+00;-4.908906999837704177e+00
-1.089273718235997990e+01;3.296314441504188064e+00;-1.121972128069329599e+01;-1.076384703235328999e+01;-1.362666868646739360e+01;-1.131241007616649341e+01
9.981160431491188589e+00;7.458370634933446652e+00;9.409779075221049283e+00;9.054173475140252947e+00;4.503601392032510198e+00;1.999999999999877431e+01
-6.418667804173683322e+00;1.520405727016317154e+00;-6.250578477807184896e+00;-6.281101971966107200e+00;-8.476549470870097025e+00;-6.372414877130513133e+00
0.000000000000000000e+00;0.000000000000000000e+00;0.000000000000000000e+00;0.000000000000000000e+00;0.000000000000000000e+00;0.000000000000000000e+00
-2.185607042957120427e+01;-2.199933505469828177e+01;-1.743297738652923456e+01;-2.199033339527066744e+01;-2.779780229661379920e+01;-2.818953619922983833e+01
-1.021400996266455508e+01;-5.068385761764844233e+00;-1.433616133387207547e+01;-1.022489349507923606e+01;-1.118284674872671580e+01;-1.288881942659776136e+01
-2.120536786653951467e+01;-1.032160179080731943e+01;-1.798791022653006166e+01;-1.567636448295516516e+01;-1.863842360740111204e+01;-1.596990805381324208e+01
-1.940724346711668247e+01;-2.085750239250162963e+01;-1.536249758351475236e+01;-1.934512910269532782e+01;-2.393922900843623935e+01;-2.352913658777080741e+01
0.000000000000000000e+00;0.000000000000000000e+00;0.000000000000000000e+00;0.000000000000000000e+00;0.000000000000000000e+00;0.000000000000000000e+00
-1.379447252281004310e+01;-9.781926451880893936e+00;-1.402609804937943139e+01;-1.380925931652209648e+01;-1.554346747169056719e+01;-1.491862058486375275e+01
-1.273809918442776201e+01;-6.084066990357605675e+00;-8.766423183535264840e+00;-7.871861706866025266e+00;-1.299044519365833317e+01;-9.185357820727231726e+00
-2.111712466253944243e+01;-8.388497483270128896e+00;-1.934774029160114495e+01;-1.909840728429881906e+01;-2.237497080566005181e+01;-2.121268337175320795e+01
-3.398474713263799174e+01;-2.961779659349068439e+01;-1.697672149245828166e+01;-1.921316663083424459e+01;-3.974931978609302519e+01;-3.728578398353415224e+01
0.000000000000000000e+00;0.000000000000000000e+00;0.000000000000000000e+00;0.000000000000000000e+00;0.000000000000000000e+00;0.000000000000000000e+00
-1.722503594509374736e+01;-1.029798868550872371e+01;-1.755158091163368184e+01;-1.724843389482225220e+01;-1.916021581809173924e+01;-1.840258985368613054e+01
-1.950399470655714040e+01;-1.638818923066372690e+01;-2.213332695136227457e+01;-1.944608936889484596e+01;-2.286832339963798333e+01;-2.357211727045328331e+01
-2.222508232565120068e+01;-1.839857493968744606e+01;-2.194467636061136062e+01;-2.175236453565977612e+01;-2.671094030747352477e+01;-2.654997736817982101e+01
-1.719968650709879654e+01;-1.853858667555220663e+01;-1.568554945661350963e+01;-1.719232484537010919e+01;-2.258231212290350953e+01;-2.212172975429709254e+01
0.000000000000000000e+00;0.000000000000000000e+00;0.000000000000000000e+00;0.000000000000000000e+00;0.000000000000000000e+00;0.000000000000000000e+00
-1.809681833452499722e-01;-6.256833580751494477e-03;-7.967613777706250566e-01;-5.912214565725021354e-02;-1.615358408300076598e-01;-7.032403370695475275e-02
-1.070536658864638557e+00;-2.078691476414390449e-01;-9.497047606113648843e-01;-8.154778976350182673e-02;-8.839649446955039069e-02;-4.277177304472301045e-01
-1.342293323389191606e+00;-9.279581107484606850e-01;-1.324782824851565843e+00;-6.579482678926454886e-01;-1.348495754115677459e+00;-1.572630102846664713e+00
-5.114019782833014727e-01;-1.487516695242627196e-01;-9.319217902375468432e-01;-1.304243716588286417e-01;-1.643592117627551974e-01;-1.488446752296925246e-01
0.000000000000000000e+00;0.000000000000000000e+00;0.000000000000000000e+00;0.000000000000000000e+00;0.000000000000000000e+00;0.000000000000000000e+00
-2.170141035795868589e+01;-1.366024485632416052e+01;-2.187146705957440318e+01;-2.191017059449308135e+01;-2.691449238780294095e+01;-2.678307138537482146e+01
-1.177017702359801632e+01;-8.692479605248733421e+00;-1.176172276386314053e+01;-1.222806192584926954e+01;-1.314391034697186278e+01;-1.994664701416431640e+01
-1.797071746177839913e+01;-1.227469134937716788e+01;-1.775063238100306862e+01;-2.002484123857375309e+01;-1.976813761974102945e+01;-1.869815888658240510e+01
-2.035342386397046255e+01;-1.223420722050143539e+01;-2.048292122024576045e+01;-2.065690190825996453e+01;-2.471336743706047656e+01;-2.420829653990929486e+01
0.000000000000000000e+00;0.000000000000000000e+00;0.000000000000000000e+00;0.000000000000000000e+00;0.000000000000000000e+00;0.000000000000000000e+00
-1.346672753080935969e+01;-1.440708623623475937e+01;-1.346668764879540703e+01;-1.169206574506061358e+01;-1.449937986322176364e+01;-1.566890675193707416e+01
-1.344261890156631267e+01;-8.326817512411805566e+00;-1.365669329749753835e+01;-1.819633967625180304e+01;-1.811985524519102952e+01;-1.603499806832224550e+01
-1.947386366154905701e+01;-1.952867728640462275e+01;-1.962091784621886958e+01;-1.429838489160380988e+01;-2.189143959445458520e+01;-2.193171484274783012e+01
-2.985992515450695350e+01;-1.624426379784251750e+01;-2.138205902480301290e+01;-3.132806940134399554e+01;-2.323451176509127336e+01;-3.584156182070938712e+01
0.000000000000000000e+00;0.000000000000000000e+00;0.000000000000000000e+00;0.000000000000000000e+00;0.000000000000000000e+00;0.000000000000000000e+00
-1.743392055184032685e+01;-1.961149981842954304e+01;-1.739591188695018786e+01;-1.417456973635063200e+01;-2.063069836009603364e+01;-2.069525918623744332e+01
-1.931077917153893253e+01;-1.641443267062421896e+01;-1.925939118800253880e+01;-2.010294406223885844e+01;-2.193281518379819772e+01;-2.180245777147200315e+01
-2.226800895979767247e+01;-1.695772798818885718e+01;-2.189367670107878538e+01;-2.250571609096677861e+01;-2.740519965868081087e+01;-2.745180075660482899e+01
-1.729065028426031958e+01;-1.399276124516893915e+01;-1.732428292315180940e+01;-1.735420512775645818e+01;-2.005343887689157611e+01;-2.073372627730640261e+01
0.000000000000000000e+00;0.000000000000000000e+00;0.000000000000000000e+00;0.000000000000000000e+00;0.000000000000000000e+00;0.000000000000000000e+00
-9.397235449872183288e-01;-6.264245949675878444e-01;-8.637350968149097863e-01;-6.560842284752762543e-01;-1.040108884985212034e+00;-1.147068116811904348e+00
-9.332046488676917217e-01;-1.128011799138566307e+00;-2.245788478003508948e-02;-5.677094850026738193e-01;-3.706737997940859342e-02;-2.161049929559637039e+00
-1.400399815225581213e+00;-6.545212695694185845e-01;-6.087066896853712272e-01;-1.905590567105208022e+00;-8.381243015190340540e-01;-1.091707324040751104e+00
-1.082317393808416961e+00;-7.890775117057707844e-01;-1.281265341237888267e+00;-7.920850094167301014e-01;-1.636869450261078773e+00;-9.006263029245291651e-01
0.000000000000000000e+00;0.000000000000000000e+00;0.000000000000000000e+00;0.000000000000000000e+00;0.000000000000000000e+00;0.000000000000000000e+00
-2.112698215234053478e+01;-1.322627119021606923e+01;-2.136053548269253355e+01;-2.187191851292698175e+01;-2.502749676133890233e+01;-2.470671698018989915e+01
-1.372831232381570388e+01;-3.726335494096997270e+00;-1.029854333453297599e+01;-1.271588776800314591e+01;-2.005194201910785168e+01;-1.068850401798366789e+01
-1.813174522265009614e+01;-1.881050968454607641e+01;-1.510746496833723995e+01;-1.776950954617252165e+01;-1.810207285062508120e+01;-1.825788849275750536e+01
-2.143849163827139037e+01;-1.541476313742349902e+01;-2.152690432892615391e+01;-2.117694284020232942e+01;-2.563614531634058835e+01;-2.665273613990479618e+01
0.000000000000000000e+00;0.000000000000000000e+00;0.000000000000000000e+00;0.000000000000000000e+00;0.000000000000000000e+00;0.000000000000000000e+00
-1.228917396268297679e+01;-9.358423213631253290e+00;-1.499469044379492111e+01;-1.227448994583424025e+01;-1.475179579246026584e+01;-1.403790235134000852e+01
-8.294202614497693915e+00;-4.798548748774141615e+00;-6.261343914597585325e+00;-8.019476984126869823e+00;-1.393777983644665497e+01;-1.142012976337194630e+01
-2.239397955793979733e+01;-9.247466188267935649e+00;-2.037611437136895631e+01;-2.038116624677065403e+01;-2.146378168289460220e+01;-2.086067299555575971e+01
-2.305990428274282777e+01;-2.349691640318115304e+01;-2.039403938881996581e+01;-2.307562992374685962e+01;-2.808278212507504534e+01;-2.810982927563917499e+01
0.000000000000000000e+00;0.000000000000000000e+00;0.000000000000000000e+00;0.000000000000000000e+00;0.000000000000000000e+00;0.000000000000000000e+00
-1.743291442171697980e+01;-1.594322287689540474e+01;-1.743128189214458956e+01;-1.757616799788278783e+01;-1.836287301285535278e+01;-1.758923773068524099e+01
-1.543317769885772428e+01;-1.543471079206641328e+01;-1.563677654853427867e+01;-1.554191715070036217e+01;1.838794265456850097e-01;-1.831442911970259502e+01
-1.541486686963547648e+01;-1.604153546942903574e+01;-1.535946933268564329e+01;-1.581185001886582953e+01;6.761628197542621344e+00;-1.856195341065777171e+01
-1.138831285547895256e+01;-1.353778138702381106e+01;-1.199139858111139212e+01;-1.176510751484747708e+01;-2.375665006597526219e+00;-1.409845875496172596e+01
0.000000000000000000e+00;0.000000000000000000e+00;0.000000000000000000e+00;0.000000000000000000e+00;0.000000000000000000e+00;0.000000000000000000e+00
-7.925469979851602176e+00;-1.133927843470344499e+01;1.627816827090973639e+00;-7.943106323723939433e+00;-9.716652373746326177e+00;-8.269443687981482327e+00
-9.602010950121133703e+00;8.506478382508348091e+00;-1.074268294369288057e+01;-1.001306872363997513e+01;-1.230234602668193489e+01;-1.040063712846429489e+01
-5.844808830500766383e+00;-1.202297103538625844e+00;-5.850322131443996376e+00;-6.051539066017883606e+00;-8.105713408975972811e+00;-6.613557919124836815e+00
9.522882434327737400e+00;8.293320330414541530e+00;8.409570059777669471e+00;9.803131528604298595e+00;4.337943897459201281e+00;1.999999999999877787e+01
0.000000000000000000e+00;0.000000000000000000e+00;0.000000000000000000e+00;0.000000000000000000e+00;0.000000000000000000e+00;0.000000000000000000e+00
-2.211677954333136142e+01;-2.219626781993855502e+01;-2.205237903276858802e+01;-1.763360083229968467e+01;-2.830998937205421484e+01;-2.756069466436988691e+01
-9.477244017558295042e+00;-1.075141860103037317e+01;-9.395043770080816259e+00;-5.488976660287816500e+00;-1.112508928768591154e+01;-1.178489094760758427e+01
-1.870308340872217556e+01;-1.301101823637101518e+01;-1.872422471738342864e+01;-2.056381476285821464e+01;-2.361112194716031354e+01;-2.363360559825957452e+01
-2.137381390219507438e+01;-1.781412480073108640e+01;-2.141759651765553230e+01;-2.144366650738289337e+01;-2.701547569190383058e+01;-2.635191386001771718e+01
0.000000000000000000e+00;0.000000000000000000e+00;0.000000000000000000e+00;0.000000000000000000e+00;0.000000000000000000e+00;0.000000000000000000e+00
-1.174706919507008607e+01;-8.351096460056805171e+00;-1.170234243054792955e+01;-1.180135296369928533e+01;-1.185606678935528713e+01;-1.313733440311311185e+01
-9.723685647016433009e+00;-8.377322971227078696e+00;-9.819600166792897156e+00;-1.009323210993546205e+01;-1.385871778784195030e+01;-1.392513714202034514e+01
-2.854871197279989303e+01;-2.343748042014219379e+01;-2.850395653782095451e+01;-1.487188887443005925e+01;-2.383043945747254000e+01;-2.374620131251892019e+01
-2.244837119936158132e+01;-1.743362857142747302e+01;-2.245105545998223917e+01;-2.249396924874903902e+01;-2.839993886538532664e+01;-2.773293486897654958e+01
0.000000000000000000e+00;0.000000000000000000e+00;0.000000000000000000e+00;0.000000000000000000e+00;0.000000000000000000e+00;0.000000000000000000e+00
-1.950691452308021212e+01;-1.686491149605816986e+01;-1.940368434940167219e+01;-2.414483218270138565e+01;-2.002774295278969774e+01;-2.039920558864528033e+01
-1.954474354489905608e+01;-1.944561568719331035e+01;-1.944396612406914926e+01;-3.673386247647256742e+00;-2.228610550209398511e+01;-2.204766038756978830e+01
-2.012227359110818981e+01;-2.016315705942162850e+01;-2.010971577384894360e+01;-1.015504170946626239e+01;-2.454550747771317631e+01;-2.347831973607877387e+01
-1.527680625680934234e+01;-2.017893112720247473e+01;-1.486071480449096605e+01;-4.314743229404492730e+00;-1.877363578880642692e+01;-1.718514231266155079e+01
0.000000000000000000e+00;0.000000000000000000e+00;0.000000000000000000e+00;0.000000000000000000e+00;0.000000000000000000e+00;0.000000000000000000e+00
-4.926901754380629050e+00;3.218581777009358547e+00;-4.834067199308890395e+00;-4.955034568579645082e+00;-7.005301537015155233e+00;-6.485597452271176344e+00
-8.314092332748254321e+00;-9.561365721005810059e+00;-8.360496801826737823e+00;-6.301053303831567476e+00;-8.660170060310104390e+00;-8.653350561836171906e+00
-2.800934705654006596e+00;-2.040849673305546119e+00;-2.846085541438053035e+00;-2.869828273990024936e+00;-3.706964196248319521e+00;-3.768429021757643049e+00
5.910242742763947010e-01;2.277101238891036661e-01;7.333104235580391039e-01;1.374200172090604433e+01;1.192217867247642171e-01;1.326631439093099996e-01
